org_name,org_website,org_type,source_link,source_type,access_status,opportunity_types_offered,geographic_focus,mediums_supported,estimated_opp_count,priority,notes,date_extracted
100 West – Corsicana Artist & Writer Residency,http://corsicanaresidency.org,Residency program,https://resartis.org/listings/,A,open,residencies,United-States,"Visual Art, Sculpture, Printmaking, Literature, New Media, Film-making, Curatorial, Photography",unknown,,listing_url=https://resartis.org/listings/100-west-corsicana/,2026-01-19 00:00:00
18th Street Arts Center,http://www.18thstreet.org,Residency program,https://resartis.org/listings/,A,open,residencies,United-States,"Visual Art, Sculpture, Dance, Performing Arts, Music, Literature",unknown,,listing_url=https://resartis.org/listings/18th-street-arts-center/,2026-01-19 00:00:00
Casa Belgrado,https://www.casabelgrado.org,Residency program,https://resartis.org/listings/,A,open,residencies,Argentina,"Visual Art, Dance, Performing Arts, Textile Art, Music, Literature, New Media, Animations, Architecture, Curatorial, Photography",unknown,,listing_url=https://resartis.org/listings/2-casa-belgrado/,2026-01-19 00:00:00
IVYNODE,http://www.ivynode.com,Residency program,https://resartis.org/listings/,A,open,residencies,Italy,Not specified,unknown,,listing_url=https://resartis.org/listings/2-ivynode/,2026-01-19 00:00:00
Lakkos Artist Residency,http://lakkosartistsresidency.weebly.com/,Residency program,https://resartis.org/listings/,A,open,residencies,Greece,"Visual Art, Ceramics, Textile Art, Music, Literature, New Media, Film-making, Architecture",unknown,,listing_url=https://resartis.org/listings/2-lakkos-artists-residency/,2026-01-19 00:00:00
Neshat Art Residency,https://resartis.org/listings/2-neshat-art-residency-gallery/,Residency program,https://resartis.org/listings/,A,open,residencies,Iran,"Visual Art, Sculpture, Ceramics, Performing Arts, Music, Literature, New Media, Animations, Film-making, Architecture, Education Programmes, Photography",unknown,,listing_url=https://resartis.org/listings/2-neshat-art-residency-gallery/,2026-01-19 00:00:00
Marie Fol,http://.,Residency program,https://resartis.org/listings/,A,open,residencies,Not specified,Not specified,unknown,,listing_url=https://resartis.org/listings/23262227/,2026-01-19 00:00:00
2415 Art Residency,https://www.air2415.art/,Residency program,https://resartis.org/listings/,A,open,residencies,China,"Visual Art, Sculpture, Textile Art, New Media, Animations, Architecture, Curatorial, Photography, Other",unknown,,listing_url=https://resartis.org/listings/2415-space/,2026-01-19 00:00:00
Art/Work Residency,http://32MCenter.org,Residency program,https://resartis.org/listings/,A,open,residencies,United-States,"Visual Art, Literature, Education Programmes, Photography",unknown,,listing_url=https://resartis.org/listings/32m-center-for-creative-work/,2026-01-19 00:00:00
Artist in Residence,https://33oc.org/,Residency program,https://resartis.org/listings/,A,open,residencies,Italy,"Visual Art, Sculpture, Dance, Theatre, Performing Arts, Music, Literature, New Media, Animations, Film-making, Photography, Other",unknown,,listing_url=https://resartis.org/listings/33-officina-creativa/,2026-01-19 00:00:00
Rijksakademie van beeldende kunsten,http://www.rijksakademie.nl,Residency program,https://resartis.org/listings/,A,open,residencies,Netherlands,"Visual Art, Sculpture, Ceramics, Printmaking, Performing Arts, New Media, Photography",unknown,,listing_url=https://resartis.org/listings/4860/,2026-01-19 00:00:00
Résidence Huit Arles,http://www.galeriehuitarles.com,Residency program,https://resartis.org/listings/,A,open,residencies,France,"Visual Art, Dance, Theatre, Performing Arts, Music, Literature, Film-making, Curatorial, Photography",unknown,,listing_url=https://resartis.org/listings/a-i-r-at-galerie-huit/,2026-01-19 00:00:00
A.I.R. Vallauris,http://www.air-vallauris.org,Residency program,https://resartis.org/listings/,A,open,residencies,France,"Visual Art, Sculpture, Ceramics, Performing Arts, Textile Art, Music, Literature, New Media, Animations, Film-making, Architecture, Education Programmes",unknown,,listing_url=https://resartis.org/listings/a-i-r-vallauris/,2026-01-19 00:00:00
A Position on Retreat Artist Residency,https://apositiononretreat.com,Residency program,https://resartis.org/listings/,A,open,residencies,Canada,"Visual Art, Literature, New Media, Animations, Film-making, Curatorial, Photography",unknown,,listing_url=https://resartis.org/listings/a-position-on-retreat/,2026-01-19 00:00:00
A Sometimes Project Winter Residencies,https://asometimesproject.my.canva.site/residencies,Residency program,https://resartis.org/listings/,A,open,residencies,United-Kingdom,"Visual Art, Literature, New Media",unknown,,listing_url=https://resartis.org/listings/a-sometimes-project/,2026-01-19 00:00:00
A7 Gallery,https://wordpress.org/,Residency program,https://resartis.org/listings/,A,open,residencies,Slovakia,Not specified,unknown,,listing_url=https://resartis.org/listings/a7-gallery/,2026-01-19 00:00:00
AADK Spain / Artistic Residency Program,http://www.aadk.es,Residency program,https://resartis.org/listings/,A,open,residencies,Spain,"Visual Art, Sculpture, Dance, Theatre, Printmaking, Performing Arts, Textile Art, Music, Literature, New Media, Animations, Film-making, Architecture, Photography",unknown,,listing_url=https://resartis.org/listings/aadk-spain/,2026-01-19 00:00:00
AARK Archipelago Art Residency in Korpo,https://aark.fi/,Residency program,https://resartis.org/listings/,A,open,residencies,Finland,"Visual Art, Sculpture, Ceramics, Performing Arts, Textile Art, Music, Literature, Education Programmes, Photography, Other",unknown,,listing_url=https://resartis.org/listings/aark-archipelago-art-residency-in-korpo/,2026-01-19 00:00:00
About Art Residence,https://wordpress.org/,Residency program,https://resartis.org/listings/,A,open,residencies,China,"Visual Art, Sculpture, Theatre, Performing Arts, Music, Literature, Film-making, Photography",unknown,,listing_url=https://resartis.org/listings/about-art-residence/,2026-01-19 00:00:00
ACA Allenheads Contemporary Arts,http://www.acart.org.uk/,Residency program,https://resartis.org/listings/,A,open,residencies,United-Kingdom,"Visual Art, Sculpture, Dance, Theatre, Performing Arts, Music, Literature",unknown,,listing_url=https://resartis.org/listings/aca-allenheads-contemporary-arts/,2026-01-19 00:00:00
At home in Hundorf international artist residency,https://www.acasalahundorf.ro/,Residency program,https://resartis.org/listings/,A,open,residencies,Romania,"Visual Art, Theatre, Performing Arts, Textile Art, Literature, Animations, Film-making, Architecture, Photography",unknown,,listing_url=https://resartis.org/listings/acasa-la-hundorf-at-home-in-hundorf-association/,2026-01-19 00:00:00
RAINBOW ART RESIDENCIES,https://www.rainbowartresidencies.org/,Residency program,https://resartis.org/listings/,A,open,residencies,Spain,"Visual Art, Sculpture, Ceramics, Performing Arts, Architecture, Curatorial, Education Programmes, Photography",unknown,,listing_url=https://resartis.org/listings/aceaa-asociacion-cultural-espacio-arte-y-accion/,2026-01-19 00:00:00
ACENTRICSPACE Artist in Residence,http://www.acentricspace.com/,Residency program,https://resartis.org/listings/,A,open,residencies,China,"Visual Art, Sculpture, Ceramics, Dance, Theatre, Printmaking, Performing Arts, Music, Literature, New Media, Animations, Film-making, Architecture, Curatorial, Education Programmes, Photography",unknown,,listing_url=https://resartis.org/listings/acentricspace/,2026-01-19 00:00:00
Acme,http://www.acme.org.uk,Residency program,https://resartis.org/listings/,A,open,residencies,United-Kingdom,"Visual Art, Sculpture, Ceramics, Printmaking, New Media, Curatorial, Other",unknown,,listing_url=https://resartis.org/listings/acme-studios-international-residencies-programme/,2026-01-19 00:00:00
ARVESTANOTS,http://www.acoss.org,Residency program,https://resartis.org/listings/,A,open,residencies,Armenia,"Visual Art, Sculpture, Ceramics, Dance, Theatre, Performing Arts, Textile Art, Music, Literature",unknown,,listing_url=https://resartis.org/listings/acoss/,2026-01-19 00:00:00
Agency AiR,https://agencyprojects.org/home,Residency program,https://resartis.org/listings/,A,open,residencies,Australia,"Visual Art, Sculpture, Ceramics, Dance, Printmaking, Performing Arts, Textile Art, Literature, New Media, Film-making, Architecture, Curatorial, Education Programmes, Photography",unknown,,listing_url=https://resartis.org/listings/agency/,2026-01-19 00:00:00
"AIR 3331 (Command A, LLC.)",https://residence.3331.jp/en/,Residency program,https://resartis.org/listings/,A,open,residencies,Japan,"Visual Art, Sculpture, Ceramics, Dance, Theatre, Performing Arts, Textile Art, Music, Literature",unknown,,listing_url=https://resartis.org/listings/air-3331-command-a-llc/,2026-01-19 00:00:00
Joana Carmo,http://www.museu0.pt,Residency program,https://resartis.org/listings/,A,open,residencies,Portugal,New Media,unknown,,listing_url=https://resartis.org/listings/air-algarve-museu-zer0/,2026-01-19 00:00:00
AIR le PARC,http://www.airleparc.com,Residency program,https://resartis.org/listings/,A,open,residencies,France,"Visual Art, Sculpture, Ceramics, Dance, Theatre, Printmaking, Performing Arts, Textile Art, Music, Literature, New Media, Animations, Film-making, Architecture, Photography, Other",unknown,,listing_url=https://resartis.org/listings/air-le-parc-project-and-research-centre/,2026-01-19 00:00:00
AIR Network Japan (Teiko Hinuma),https://wordpress.org/,Residency program,https://resartis.org/listings/,A,open,residencies,Japan,Not specified,unknown,,listing_url=https://resartis.org/listings/air-network-japan/,2026-01-19 00:00:00
AiR Sandnes,https://www.facebook.com/AiRSandnes,Residency program,https://resartis.org/listings/,A,open,residencies,Norway,"Visual Art, Sculpture, Printmaking, Performing Arts, Textile Art, New Media, Photography",unknown,,listing_url=https://resartis.org/listings/air-sandnes/,2026-01-19 00:00:00
AIR – ARTIST IN RESIDENCE Lower Austria,http://www.air-noe.at,Residency program,https://resartis.org/listings/,A,open,residencies,Austria,"Visual Art, Music, Literature, New Media, Architecture",unknown,,listing_url=https://resartis.org/listings/air-_nd-artist-in-residence/,2026-01-19 00:00:00
Aisi Residence,http://aisiresidence.org,Residency program,https://resartis.org/listings/,A,open,residencies,Georgia,"Visual Art, Sculpture, Dance, Theatre, Performing Arts, Textile Art, Music, Literature, New Media, Animations, Film-making, Architecture, Curatorial, Education Programmes, Photography, Other",unknown,,listing_url=https://resartis.org/listings/aisi-residence/,2026-01-19 00:00:00
Akademie Schloss Solitude,http://www.akademie-solitude.de,Residency program,https://resartis.org/listings/,A,open,residencies,Germany,"Visual Art, Sculpture, Dance, Theatre, Performing Arts, Textile Art, Music, Literature, New Media, Film-making, Architecture, Curatorial",unknown,,listing_url=https://resartis.org/listings/akademie-schloss-solitude/,2026-01-19 00:00:00
Akaru Residency,https://www.akaruresidency.com/,Residency program,https://resartis.org/listings/,A,open,residencies,Nicaragua,"Visual Art, Ceramics, Dance, Music, Literature, New Media, Photography",unknown,,listing_url=https://resartis.org/listings/akaru-residency/,2026-01-19 00:00:00
Akiyoshidai International Art Village,https://aiav.jp/,Residency program,https://resartis.org/listings/,A,open,residencies,Japan,"Visual Art, Sculpture, Ceramics, Dance, Theatre, Printmaking, Performing Arts, Textile Art, Music, Literature, New Media, Animations, Film-making, Architecture, Education Programmes, Photography",unknown,,listing_url=https://resartis.org/listings/akiyoshidai-international-art-village/,2026-01-19 00:00:00
Artist Residency at the Akureyri Art Museum,http://www.listak.is,Residency program,https://resartis.org/listings/,A,open,residencies,Iceland,Visual Art,unknown,,listing_url=https://resartis.org/listings/akureyri-art-museum-akureyri-municipality/,2026-01-19 00:00:00
Alaska AIR – Bunnell Street Arts Center Artist-in-Residence,https://www.bunnellarts.org/,Residency program,https://resartis.org/listings/,A,open,residencies,United-States,"Visual Art, Sculpture, Ceramics, Dance, Theatre, Printmaking, Performing Arts, Textile Art, Music, Literature, New Media, Film-making, Photography",unknown,,listing_url=https://resartis.org/listings/alaska-air-bunnell-street-arts-center/,2026-01-19 00:00:00
All That We Are,http://allthatweare.org.au,Residency program,https://resartis.org/listings/,A,open,residencies,Australia,"Visual Art, Sculpture, Ceramics, Dance, Theatre, Performing Arts, Music, Literature, New Media, Photography",unknown,,listing_url=https://resartis.org/listings/all-that-we-are-at-1450/,2026-01-19 00:00:00
Allende Arts Residency,http://www.allendearts.space,Residency program,https://resartis.org/listings/,A,open,residencies,Mexico,"Visual Art, Sculpture, Ceramics, Dance, Theatre, Printmaking, Performing Arts, Music, Literature, Animations, Film-making, Architecture, Education Programmes, Photography, Circus",unknown,,listing_url=https://resartis.org/listings/allende-arts-space/,2026-01-19 00:00:00
Artist Communities Alliance,https://wordpress.org/,Residency program,https://resartis.org/listings/,A,open,residencies,Afghanistan,Not specified,unknown,,listing_url=https://resartis.org/listings/alliance-of-artist-communities/,2026-01-19 00:00:00
Sharing Stories,http://www.egomio.eu,Residency program,https://resartis.org/listings/,A,open,residencies,Cyprus,"Visual Art, Sculpture, Dance, Theatre, Performing Arts, Textile Art, Music, Literature",unknown,,listing_url=https://resartis.org/listings/amfidromo-chorotheatro-non-profit-organization/,2026-01-19 00:00:00
Amy Kennedy,http://www.amykennedyceramics.com,Residency program,https://resartis.org/listings/,A,open,residencies,Australia,Not specified,unknown,,listing_url=https://resartis.org/listings/amy-kennedy-individual/,2026-01-19 00:00:00
Island Going,http://www.lanntair.com,Residency program,https://resartis.org/listings/,A,open,residencies,United-Kingdom,"Visual Art, Sculpture, Ceramics, Dance, Theatre, Printmaking, Performing Arts, Textile Art, Music, Literature, New Media, Animations, Film-making, Architecture, Curatorial, Education Programmes, Photography",unknown,,listing_url=https://resartis.org/listings/an-lanntair/,2026-01-19 00:00:00
Anderson Center at Tower View Artist Residency,http://www.andersoncenter.org,Residency program,https://resartis.org/listings/,A,open,residencies,United-States,"Visual Art, Sculpture, Ceramics, Dance, Theatre, Printmaking, Performing Arts, Textile Art, Music, Literature",unknown,,listing_url=https://resartis.org/listings/anderson-center-for-interdisciplinary-studies/,2026-01-19 00:00:00
Anderson Ranch Arts Center,https://www.andersonranch.org/programs/artists-in-residence-program/,Residency program,https://resartis.org/listings/,A,open,residencies,United-States,"Sculpture, Ceramics, Printmaking, New Media, Photography, Other",unknown,,listing_url=https://resartis.org/listings/anderson-ranch-arts-center/,2026-01-19 00:00:00
ANGOLA AIR,http://www.instagram.com/ela_espaco_luanda_arte_angola/,Residency program,https://resartis.org/listings/,A,open,residencies,Angola,"Visual Art, Printmaking, Performing Arts, Textile Art, Curatorial, Education Programmes",unknown,,listing_url=https://resartis.org/listings/angola-air/,2026-01-19 00:00:00
Antares residency,http://www.galleriaantares.fi,Residency program,https://resartis.org/listings/,A,open,residencies,Finland,"Visual Art, Sculpture, Ceramics, Printmaking, Performing Arts, Music, Literature",unknown,,listing_url=https://resartis.org/listings/antares-art-center-taidekeskus-antares/,2026-01-19 00:00:00
Antonia McGuane,http://www.antoniamcguane.com,Residency program,https://resartis.org/listings/,A,open,residencies,Ireland,Not specified,unknown,,listing_url=https://resartis.org/listings/antonia-mcguane/,2026-01-19 00:00:00
"Aomori Contemporary Art Centre, Aomori Public University (ACAC)",https://acac-aomori.jp/,Residency program,https://resartis.org/listings/,A,open,residencies,Japan,"Visual Art, Sculpture, Ceramics, Dance, Theatre, Printmaking, Performing Arts, Textile Art, Music, Literature, New Media, Animations, Film-making, Architecture, Curatorial, Education Programmes, Photography, Other",unknown,,listing_url=https://resartis.org/listings/aomori-contemporary-art-centre-aomori-public-university-acac/,2026-01-19 00:00:00
Apothefinca Writers Residency,http://www.apothefinca.com,Residency program,https://resartis.org/listings/,A,open,residencies,Nicaragua,"Visual Art, Music, Literature, Education Programmes, Circus",unknown,,listing_url=https://resartis.org/listings/apothefinca-arts-centre/,2026-01-19 00:00:00
AqTushetii,http://www.aqtushetii.com,Residency program,https://resartis.org/listings/,A,open,residencies,Georgia,"Visual Art, Sculpture, Ceramics, Textile Art, Music, Literature, Education Programmes, Photography, Other",unknown,,listing_url=https://resartis.org/listings/aqtushetii-residence/,2026-01-19 00:00:00
"Arctic Reflections (2020), Arctic Realities (2021)",http://arcticculturelab.gl,Residency program,https://resartis.org/listings/,A,open,residencies,Greenland,"Visual Art, Music, Literature, Curatorial, Education Programmes, Photography",unknown,,listing_url=https://resartis.org/listings/arctic-culture-lab/,2026-01-19 00:00:00
ARCUS Project,http://www.arcus-project.com,Residency program,https://resartis.org/listings/,A,open,residencies,Japan,Visual Art,unknown,,listing_url=https://resartis.org/listings/arcus-project/,2026-01-19 00:00:00
ARD International Residency,https://ard-art.org,Residency program,https://resartis.org/listings/,A,open,residencies,Egypt,"Visual Art, Sculpture, Ceramics, Printmaking, Textile Art, New Media, Curatorial, Photography, Other",unknown,,listing_url=https://resartis.org/listings/ard-art-institution/,2026-01-19 00:00:00
Pastoral Twilight,https://les-woods.net/en,Residency program,https://resartis.org/listings/,A,open,residencies,Czech-Republic,Visual Art,unknown,,listing_url=https://resartis.org/listings/are-are-events-org-2/,2026-01-19 00:00:00
ARE (Artist Residencies Enschede),http://www.areholland.com,Residency program,https://resartis.org/listings/,A,open,residencies,Netherlands,Visual Art,unknown,,listing_url=https://resartis.org/listings/are-artist-residencies-enschede/,2026-01-19 00:00:00
Argo Studios,https://www.argo-arts.com/,Residency program,https://resartis.org/listings/,A,open,residencies,Greece,"Visual Art, Sculpture, Ceramics, Dance, Theatre, Performing Arts, Textile Art, Music, Literature, New Media, Animations, Film-making, Photography",unknown,,listing_url=https://resartis.org/listings/argo/,2026-01-19 00:00:00
Arroscia Residency,https://arrosciaresidency.org/,Residency program,https://resartis.org/listings/,A,open,residencies,Italy,"Visual Art, Textile Art, Photography",unknown,,listing_url=https://resartis.org/listings/arroscia-residency/,2026-01-19 00:00:00
Alpujarra Artist Residence,https://www.casa3polopos.com/,Residency program,https://resartis.org/listings/,A,open,residencies,Spain,"Visual Art, Sculpture, Ceramics, Theatre, Music, Literature, Film-making, Photography",unknown,,listing_url=https://resartis.org/listings/art-association-of-polopos/,2026-01-19 00:00:00
Art Castle International Artist Residency,https://artcastleinternational.org/,Residency program,https://resartis.org/listings/,A,open,residencies,India,"Visual Art, Dance, Performing Arts, Literature, Photography",unknown,,listing_url=https://resartis.org/listings/art-castle-international/,2026-01-19 00:00:00
Ongoing AIR,https://www.ongoing.jp/en/residence/,Residency program,https://resartis.org/listings/,A,open,residencies,Japan,"Visual Art, Sculpture, Performing Arts, New Media, Film-making",unknown,,listing_url=https://resartis.org/listings/art-center-ongoing-4/,2026-01-19 00:00:00
St. Petersburg Art Residency (SPAR),https://p-10.ru/,Residency program,https://resartis.org/listings/,A,open,residencies,Russia,"Visual Art, Sculpture, Dance, Theatre, Performing Arts, Textile Art, Music, Literature, New Media, Animations, Film-making, Curatorial, Photography, Other",unknown,,listing_url=https://resartis.org/listings/art-center-pushkinskaya-10-st-petersburg-art-residency-spar/,2026-01-19 00:00:00
“Art Commune”” International Artist-in-Residence Program,http://www.acsl.am,Residency program,https://resartis.org/listings/,A,open,residencies,Armenia,"Visual Art, Dance, Performing Arts, Music, Literature, New Media, Film-making, Education Programmes, Photography, Other",unknown,,listing_url=https://resartis.org/listings/art-commune-international-artist-in-residence-program/,2026-01-19 00:00:00
AiR Malakta,http://www.malakta.fi,Residency program,https://resartis.org/listings/,A,open,residencies,Finland,"Visual Art, Sculpture, Ceramics, Dance, Theatre, Printmaking, Performing Arts, Textile Art, Music, Literature, New Media, Animations, Film-making, Architecture, Curatorial, Education Programmes, Photography, Other, Circus",unknown,,listing_url=https://resartis.org/listings/art-in-malakta/,2026-01-19 00:00:00
,https://resartis.org/listings/art-inside-out/,Residency program,https://resartis.org/listings/,A,open,residencies,Not specified,Not specified,unknown,,listing_url=https://resartis.org/listings/art-inside-out/; fetch_error:HTTPError,2026-01-19 00:00:00
Art Print Residence,http://artprintresidence.com/,Residency program,https://resartis.org/listings/,A,open,residencies,Spain,"Visual Art, Printmaking, Literature, Education Programmes",unknown,,listing_url=https://resartis.org/listings/art-print-residence/,2026-01-19 00:00:00
Bulbul Art-Residence,http://bulbul.org.kg/,Residency program,https://resartis.org/listings/,A,open,residencies,Kyrgyzstan,"Visual Art, Sculpture, Ceramics, Dance, Theatre, Printmaking, Performing Arts, Textile Art, Music, Literature, New Media, Animations, Film-making, Architecture, Curatorial, Education Programmes, Photography",unknown,,listing_url=https://resartis.org/listings/art-residence-of-bishkek-school-of-contemporary-art-bulbul/,2026-01-19 00:00:00
Art See Ocean Gallery & Artist residence,http://ArtSeeOcean.com,Residency program,https://resartis.org/listings/,A,open,residencies,Sweden,"Visual Art, Sculpture, Dance, Theatre, Performing Arts, Music, Literature, Film-making, Photography",unknown,,listing_url=https://resartis.org/listings/art-see-ocean-gallery/,2026-01-19 00:00:00
ARTANYWAY,http://www.artanywayresidency.com,Residency program,https://resartis.org/listings/,A,open,residencies,Thailand,"Visual Art, Sculpture, Printmaking, Performing Arts, Photography, Other",unknown,,listing_url=https://resartis.org/listings/artanyway/,2026-01-19 00:00:00
Arte Studio Ginestrelle,http://artestudioginestrelle.wordpress.com,Residency program,https://resartis.org/listings/,A,open,residencies,Italy,"Visual Art, Dance, Theatre, Performing Arts, Textile Art, Music, Literature, New Media, Animations, Film-making, Architecture, Curatorial, Education Programmes",unknown,,listing_url=https://resartis.org/listings/arte-studio-ginestrelle/,2026-01-19 00:00:00
Arteles Creative Center,http://www.arteles.org,Residency program,https://resartis.org/listings/,A,open,residencies,Finland,"Visual Art, Sculpture, Ceramics, Dance, Theatre, Performing Arts, Textile Art, Music, Literature, New Media, Animations, Film-making, Architecture, Curatorial, Education Programmes",unknown,,listing_url=https://resartis.org/listings/arteles-creative-center/,2026-01-19 00:00:00
ARTErra,http://www.arterra.weebly.com,Residency program,https://resartis.org/listings/,A,open,residencies,Portugal,"Visual Art, Sculpture, Ceramics, Dance, Theatre, Performing Arts, Textile Art, Music, Literature",unknown,,listing_url=https://resartis.org/listings/arterra-residencias-rurais-artisticas/,2026-01-19 00:00:00
ArteSumapaz AIR’s,http://www.arteSumapaz.org,Residency program,https://resartis.org/listings/,A,open,residencies,Colombia,"Visual Art, Sculpture, Ceramics, Dance, Theatre, Printmaking, Performing Arts, Textile Art, Music, Literature, Film-making, Architecture, Photography, Circus",unknown,,listing_url=https://resartis.org/listings/artesumapaz/,2026-01-19 00:00:00
arteventura,http://arteventura.eu,Residency program,https://resartis.org/listings/,A,open,residencies,Spain,"Visual Art, Sculpture, Ceramics, Dance",unknown,,listing_url=https://resartis.org/listings/arteventura/,2026-01-19 00:00:00
arthere istanbul,http://www.arthereistanbul.com,Residency program,https://resartis.org/listings/,A,open,residencies,Turkey,"Visual Art, Sculpture, Ceramics, Dance, Theatre, Printmaking, Performing Arts, Music, Literature, New Media",unknown,,listing_url=https://resartis.org/listings/arthere-istanbul/,2026-01-19 00:00:00
arthotelpanorama,http://www.arthotelpanorama.com/residency,Residency program,https://resartis.org/listings/,A,open,residencies,Greece,Literature,unknown,,listing_url=https://resartis.org/listings/arthotelpanorama/,2026-01-19 00:00:00
Artica Svalbard residency,https://www.articasvalbard.no/,Residency program,https://resartis.org/listings/,A,open,residencies,Svalbard-and-Jan-Mayen,"Visual Art, Printmaking, Music, Literature, New Media, Film-making, Photography",unknown,,listing_url=https://resartis.org/listings/artica-svalbard/,2026-01-19 00:00:00
ARTINN JAIPUR CENTER,http://www.artinnjaipur.com,Residency program,https://resartis.org/listings/,A,open,residencies,India,"Visual Art, Ceramics, Dance, Printmaking, Performing Arts, Textile Art, Music, Literature, New Media, Architecture, Curatorial, Education Programmes, Photography, Other",unknown,,listing_url=https://resartis.org/listings/artinn-jaipur-center/,2026-01-19 00:00:00
Artist and Researcher in Residence Guiniguada – Canary Islands,http://www.airguiniguada.org,Residency program,https://resartis.org/listings/,A,open,residencies,Spain,"Visual Art, Sculpture, Dance, Performing Arts, Textile Art, Music, Literature, New Media, Animations, Film-making, Curatorial, Education Programmes",unknown,,listing_url=https://resartis.org/listings/artist-and-researcher-in-residence-guiniguada-canary-islands/,2026-01-19 00:00:00
Air Frosterus,http://airfrosterus.org,Residency program,https://resartis.org/listings/,A,open,residencies,Finland,"Visual Art, Sculpture, Dance, Theatre, Performing Arts, Textile Art, Music, Literature",unknown,,listing_url=https://resartis.org/listings/artist-in-residence-frosterus/,2026-01-19 00:00:00
Taipei Artist Village | Treasure Hill Artist Village,https://www.artistvillage.org/,Residency program,https://resartis.org/listings/,A,open,residencies,Taiwan,"Visual Art, Sculpture, Dance, Theatre, Performing Arts, Textile Art, Music, Literature",unknown,,listing_url=https://resartis.org/listings/artist-in-residencetaipei/,2026-01-19 00:00:00
Artist Residency Thailand,http://www.artistresidencythailand.com,Residency program,https://resartis.org/listings/,A,open,residencies,Thailand,"Visual Art, Sculpture, Ceramics, Dance, Theatre, Printmaking, Performing Arts, Music, Literature, New Media",unknown,,listing_url=https://resartis.org/listings/artist-residency-thailand/,2026-01-19 00:00:00
Artist Retreat in the wilds of Celtic Cornwall,https://www.wendyrolt.co.uk/art-residency/,Residency program,https://resartis.org/listings/,A,open,residencies,United-Kingdom,"Visual Art, Sculpture, Ceramics, Dance, Theatre, Performing Arts, Textile Art, Music, Literature, Film-making, Photography",unknown,,listing_url=https://resartis.org/listings/artist-retreat-in-the-wilds-of-celtic-cornwall/,2026-01-19 00:00:00
Art Catz Residency,https://www.worldpackers.com/positions/85167/details,Residency program,https://resartis.org/listings/,A,open,residencies,Slovenia,"Visual Art, Sculpture, Ceramics, Dance, Theatre, Performing Arts, Textile Art, Music, Literature, New Media, Animations, Film-making, Curatorial, Education Programmes, Photography, Other, Circus",unknown,,listing_url=https://resartis.org/listings/artistic-farm-in-vinica-slovenia/,2026-01-19 00:00:00
Artistic Residency: In process,https://desimelo.wixstudio.com/inprocess/en,Residency program,https://resartis.org/listings/,A,open,residencies,Brazil,"Visual Art, Sculpture, Ceramics, Dance, Theatre, Printmaking, Performing Arts, Music, Literature, New Media, Film-making, Photography, Other",unknown,,listing_url=https://resartis.org/listings/artistic-residency-in-process/,2026-01-19 00:00:00
"Four residencies: Aurinko, Niitty, Maa and Taika",https://www.taideniitty.fi/en,Residency program,https://resartis.org/listings/,A,open,residencies,Finland,"Visual Art, Printmaking, Music, Literature",unknown,,listing_url=https://resartis.org/listings/artists-house-taideniitty/,2026-01-19 00:00:00
ARTS ITOYA,https://artsitoya.com,Residency program,https://resartis.org/listings/,A,open,residencies,Japan,"Visual Art, Sculpture, Ceramics, Dance, Literature",unknown,,listing_url=https://resartis.org/listings/arts-itoya/,2026-01-19 00:00:00
Arts Letters & Numbers,http://www.artslettersandnumbers.com,Residency program,https://resartis.org/listings/,A,open,residencies,United-States,"Visual Art, Sculpture, Dance, Theatre, Performing Arts, Textile Art, Music, Literature, New Media, Film-making, Architecture, Photography, Other",unknown,,listing_url=https://resartis.org/listings/arts-letters-numbers/,2026-01-19 00:00:00
ArtsIceland,http://www.kolsalt.is,Residency program,https://resartis.org/listings/,A,open,residencies,Iceland,"Visual Art, Sculpture, Dance, Performing Arts, Textile Art, Music, Literature, New Media, Animations, Architecture, Curatorial, Photography",unknown,,listing_url=https://resartis.org/listings/artsiceland/,2026-01-19 00:00:00
Horanggasy Creative Studio,https://www.horang.art/,Residency program,https://resartis.org/listings/,A,open,residencies,South-Korea,"Visual Art, Sculpture, Ceramics, Dance, Theatre, Printmaking, Performing Arts, Textile Art, Music, Literature, New Media, Animations, Film-making, Architecture, Curatorial, Education Programmes, Photography, Other",unknown,,listing_url=https://resartis.org/listings/artzoo/,2026-01-19 00:00:00
ACUR Residency Program,http://xac.gencat.cat/ca/llista_arxius_comarcals/urgell/detall/Nou-article-02393,Residency program,https://resartis.org/listings/,A,open,residencies,Spain,"Visual Art, Sculpture, Ceramics, Dance, Theatre, Performing Arts, Textile Art, Music, Literature",unknown,,listing_url=https://resartis.org/listings/arxiu-comarcal-de-l_neurgell-acur/,2026-01-19 00:00:00
Asia Culture Center Residency,https://www.acc.go.kr/en,Residency program,https://resartis.org/listings/,A,open,residencies,South-Korea,"Visual Art, Sculpture, Ceramics, Dance, Theatre, Performing Arts, Textile Art, Music, New Media, Film-making, Architecture, Curatorial, Photography, Other",unknown,,listing_url=https://resartis.org/listings/asian-culture-center-acc_rsidency/,2026-01-19 00:00:00
Jupiterfab Art Residency,http://www.jupiterfab.com/en/art-residency/,Residency program,https://resartis.org/listings/,A,open,residencies,Mexico,"Visual Art, Sculpture, Ceramics, Theatre, Performing Arts, Textile Art, Literature, Architecture, Curatorial, Education Programmes, Photography, Other",unknown,,listing_url=https://resartis.org/listings/asociacion-jupiterfab/,2026-01-19 00:00:00
Associação Cultural Rabeca,http://rabecaferrel.pt,Residency program,https://resartis.org/listings/,A,open,residencies,Portugal,"Visual Art, Sculpture, Theatre, Literature, Other",unknown,,listing_url=https://resartis.org/listings/associacao-cultural-rabeca/,2026-01-19 00:00:00
BeArtz artist residency,https://be-artz.com/,Residency program,https://resartis.org/listings/,A,open,residencies,France,"Visual Art, Sculpture, Ceramics, Dance, Printmaking, Textile Art, Music, Literature, Photography",unknown,,listing_url=https://resartis.org/listings/associaltion-beartz/,2026-01-19 00:00:00
La Moissie Creative Residency,http://www.lamoissie.fr/residency/,Residency program,https://resartis.org/listings/,A,open,residencies,France,"Visual Art, Dance, Theatre, Printmaking, Performing Arts, Textile Art, Music, Literature, Film-making, Photography",unknown,,listing_url=https://resartis.org/listings/association-lm-creative/,2026-01-19 00:00:00
ARTEMISTA Artist-in-Residency,https://www.associazioneartemista.it/,Residency program,https://resartis.org/listings/,A,open,residencies,Italy,"Visual Art, Dance, Theatre, Performing Arts, Music, Film-making, Education Programmes",unknown,,listing_url=https://resartis.org/listings/associazione-artemista/,2026-01-19 00:00:00
At Home Gallery,http://www.athomegallery.org,Residency program,https://resartis.org/listings/,A,open,residencies,Slovakia,"Visual Art, Sculpture, Performing Arts, Music, Literature",unknown,,listing_url=https://resartis.org/listings/at-home-gallery/,2026-01-19 00:00:00
Atelier Artist in Residence,https://www.atelierair.com/,Residency program,https://resartis.org/listings/,A,open,residencies,France,"Visual Art, Sculpture, Dance, Theatre, Printmaking, Performing Arts, Textile Art, Music, Literature, New Media, Animations, Film-making, Curatorial, Photography, Other",unknown,,listing_url=https://resartis.org/listings/atelier-artist-in-residence/,2026-01-19 00:00:00
Atelier Austmarka,http://www.atelier-austmarka.com,Residency program,https://resartis.org/listings/,A,open,residencies,Norway,"Visual Art, Sculpture, Dance, Theatre, Printmaking, Performing Arts, Textile Art, Music, Literature, New Media, Animations, Architecture, Photography, Other",unknown,,listing_url=https://resartis.org/listings/atelier-austmarka/,2026-01-19 00:00:00
ATELIER DE LA ROSE,http://www.french-rose.com,Residency program,https://resartis.org/listings/,A,open,residencies,France,"Visual Art, Literature",unknown,,listing_url=https://resartis.org/listings/atelier-de-la-rose/,2026-01-19 00:00:00
Atelier Samuel Beckett,http://garestlazareireland.com/,Residency program,https://resartis.org/listings/,A,open,residencies,France,"Visual Art, Dance, Theatre, Performing Arts, Music, Literature, Film-making, Photography, Other",unknown,,listing_url=https://resartis.org/listings/atelier-samuel-beckett/,2026-01-19 00:00:00
Ateljé Bredgrind,https://ateljebredgrind.com/,Residency program,https://resartis.org/listings/,A,open,residencies,Sweden,"Visual Art, Sculpture, Dance, Theatre, Printmaking, Performing Arts, Music, Literature, New Media, Animations, Film-making, Photography",unknown,,listing_url=https://resartis.org/listings/atelje-bredgrind/,2026-01-19 00:00:00
Atlantic Center for the Arts: Mentoring Artist-in-Residence,http://atlanticcenterforthearts.org/,Residency program,https://resartis.org/listings/,A,open,residencies,United-States,"Visual Art, Sculpture, Dance, Theatre, Performing Arts, Textile Art, Music, Literature, New Media, Animations",unknown,,listing_url=https://resartis.org/listings/atlantic-center-for-the-arts-master-artists-in-residence/,2026-01-19 00:00:00
Atlas,https://atlastudio.pt,Residency program,https://resartis.org/listings/,A,open,residencies,Portugal,"Visual Art, Sculpture, Ceramics, Dance, Theatre, Printmaking, Performing Arts, Textile Art, Music, Literature, New Media, Animations, Film-making, Architecture, Curatorial, Education Programmes, Photography",unknown,,listing_url=https://resartis.org/listings/atlas/,2026-01-19 00:00:00
Aviário Studio,http://www.aviariostudio.eu/,Residency program,https://resartis.org/listings/,A,open,residencies,Portugal,"Visual Art, Sculpture, Ceramics, Printmaking, Photography",unknown,,listing_url=https://resartis.org/listings/aviario-studio/,2026-01-19 00:00:00
Awakenings At Wick,https://www.awakeningsatwick.com/,Residency program,https://resartis.org/listings/,A,open,residencies,United-Kingdom,"Visual Art, Sculpture, Printmaking, Textile Art, Music, Literature, Photography, Other",unknown,,listing_url=https://resartis.org/listings/awakenings-at-wick/,2026-01-19 00:00:00
AZAN Residency,http://www.azan.space,Residency program,https://resartis.org/listings/,A,open,residencies,Portugal,"Visual Art, Sculpture, Ceramics, Performing Arts, Textile Art, Literature, New Media, Film-making, Architecture, Curatorial, Photography",unknown,,listing_url=https://resartis.org/listings/azan-contemporary-art/,2026-01-19 00:00:00
Mountainside Artist Residency,http://www.AZULE.org,Residency program,https://resartis.org/listings/,A,open,residencies,United-States,"Visual Art, Dance, Theatre, Performing Arts, Textile Art, Music, Literature, Education Programmes",unknown,,listing_url=https://resartis.org/listings/azule/,2026-01-19 00:00:00
BAER ART CENTER,http://baer.is,Residency program,https://resartis.org/listings/,A,open,residencies,Iceland,"Visual Art, Sculpture, Ceramics, Textile Art, Architecture, Photography, Other",unknown,,listing_url=https://resartis.org/listings/baer-art-center/,2026-01-19 00:00:00
Banff Centre for Arts and Creativity,http://www.banffcentre.ca/programs,Residency program,https://resartis.org/listings/,A,open,residencies,Canada,"Visual Art, Sculpture, Ceramics, Dance, Theatre, Printmaking, Performing Arts, Textile Art, Music, Literature, Curatorial, Photography",unknown,,listing_url=https://resartis.org/listings/banff-centre-for-arts-and-creativity/,2026-01-19 00:00:00
Bara Skriv Writing Retreat,https://lilymulholland.com.au/bara-skriv-writing-retreats/,Residency program,https://resartis.org/listings/,A,open,residencies,Australia,Literature,unknown,,listing_url=https://resartis.org/listings/bara-skriv-just-write/,2026-01-19 00:00:00
Sharon Pippy,http://www.bareneedstudios.com,Residency program,https://resartis.org/listings/,A,open,residencies,Canada,"Visual Art, Sculpture, Dance, Theatre, Performing Arts, Textile Art, Literature, Photography",unknown,,listing_url=https://resartis.org/listings/bareneedstudios/,2026-01-19 00:00:00
bEam arts international residency,http://www.beamarts.gr,Residency program,https://resartis.org/listings/,A,open,residencies,Greece,"Visual Art, Sculpture, Textile Art, Literature, New Media, Curatorial, Other",unknown,,listing_url=https://resartis.org/listings/beam-arts/,2026-01-19 00:00:00
Nature & Art,http://WWW.AGRITURISMOBEATILLA.IT,Residency program,https://resartis.org/listings/,A,open,residencies,Italy,"Visual Art, Sculpture, Dance, Theatre, Performing Arts, Music, Film-making",unknown,,listing_url=https://resartis.org/listings/beatilla/,2026-01-19 00:00:00
Belgrade Art Studio Residency,http://belgradeartstudio.com/,Residency program,https://resartis.org/listings/,A,open,residencies,Serbia,"Visual Art, Sculpture, Dance, Theatre, Performing Arts, Textile Art, Music, Literature, New Media, Curatorial, Education Programmes, Other",unknown,,listing_url=https://resartis.org/listings/belgrade-art-studio-residency/,2026-01-19 00:00:00
BENTRICIA LETRAS,http://ezemariagorettichinenye.visura.co/,Residency program,https://resartis.org/listings/,A,open,residencies,Afghanistan,Not specified,unknown,,listing_url=https://resartis.org/listings/bentricia-letras/,2026-01-19 00:00:00
BERLIN ART INSTITUTE (BAI),https://berlinartinstitute.com,Residency program,https://resartis.org/listings/,A,open,residencies,Germany,"Visual Art, Sculpture, Performing Arts, New Media, Film-making, Curatorial, Other",unknown,,listing_url=https://resartis.org/listings/berlin-art-institute-bai/,2026-01-19 00:00:00
Between Bridges Residency,https://www.betweenbridges.net/foundation/residency,Residency program,https://resartis.org/listings/,A,open,residencies,Germany,Visual Art,unknown,,listing_url=https://resartis.org/listings/between-bridges/,2026-01-19 00:00:00
International Artist Residency “Pedvale”,http://www.pedvale.lv,Residency program,https://resartis.org/listings/,A,open,residencies,Latvia,"Visual Art, Sculpture, Dance, Performing Arts, Literature",unknown,,listing_url=https://resartis.org/listings/biedriba-pedvale/,2026-01-19 00:00:00
Big Baboli Print House / Independent Artist Run Print Studio,https://bigbaboliprinthouse.com/,Residency program,https://resartis.org/listings/,A,open,residencies,Turkey,"Visual Art, Printmaking",unknown,,listing_url=https://resartis.org/listings/big-baboli-print-house/,2026-01-19 00:00:00
Bilpin international ground for Creative initiatives (BigCi),http://www.bigci.org,Residency program,https://resartis.org/listings/,A,open,residencies,Australia,"Visual Art, Sculpture, Ceramics, Dance, Theatre, Performing Arts, Textile Art, Music, Literature",unknown,,listing_url=https://resartis.org/listings/bigci/,2026-01-19 00:00:00
bildingship,https://www.bilding.at,Residency program,https://resartis.org/listings/,A,open,residencies,Austria,"Visual Art, Sculpture, Ceramics, Printmaking, Performing Arts, Textile Art, New Media, Animations, Film-making, Architecture",unknown,,listing_url=https://resartis.org/listings/bilding-kunst-und-architekturwerkstatt-fur-kinder-und-jugendliche/,2026-01-19 00:00:00
Björkö Konstnod/BKN,https://bjorkokonstnod.se/bkn,Residency program,https://resartis.org/listings/,A,open,residencies,Sweden,Not specified,unknown,,listing_url=https://resartis.org/listings/bkn/,2026-01-19 00:00:00
Black Church International Artist in Residence Programme,http://www.blackchurchprint.ie,Residency program,https://resartis.org/listings/,A,open,residencies,Ireland,Visual Art,unknown,,listing_url=https://resartis.org/listings/black-church-print-studio/,2026-01-19 00:00:00
,https://resartis.org/listings/blue-cactus/,Residency program,https://resartis.org/listings/,A,open,residencies,Not specified,Not specified,unknown,,listing_url=https://resartis.org/listings/blue-cactus/; fetch_error:HTTPError,2026-01-19 00:00:00
Blue Studio residency,https://www.bluestudioresidency.com/,Residency program,https://resartis.org/listings/,A,open,residencies,Australia,"Visual Art, Ceramics",unknown,,listing_url=https://resartis.org/listings/blue-studio-residency/,2026-01-19 00:00:00
Boathouse Artist Residency,http://www.boathouseindia.com,Residency program,https://resartis.org/listings/,A,open,residencies,India,"Visual Art, Theatre, Literature, Animations, Film-making, Architecture, Education Programmes, Photography",unknown,,listing_url=https://resartis.org/listings/boathouse/,2026-01-19 00:00:00
ONLINE RESIDENCIES,https://bonfire-air.com/,Residency program,https://resartis.org/listings/,A,open,residencies,Iceland,"Visual Art, Sculpture, Ceramics, Dance, Theatre, Printmaking, Performing Arts, Textile Art, Music",unknown,,listing_url=https://resartis.org/listings/bonfire/,2026-01-19 00:00:00
Brashnar Artist-in-Residence,http://www.brashnarcreativeproject.org/,Residency program,https://resartis.org/listings/,A,open,residencies,Macedonia,"Visual Art, Sculpture, Ceramics, Performing Arts, Textile Art, Music, Literature, Other",unknown,,listing_url=https://resartis.org/listings/brashnar-creative-project/,2026-01-19 00:00:00
Braunschweig Projects,http://www.braunschweig-projects.de,Residency program,https://resartis.org/listings/,A,open,residencies,Germany,"Visual Art, Music",unknown,,listing_url=https://resartis.org/listings/braunschweig-projects/,2026-01-19 00:00:00
Bridge Guard Art / Science Residence Centre,http://www.bridgeguard.org,Residency program,https://resartis.org/listings/,A,open,residencies,Slovakia,"Visual Art, Sculpture, Performing Arts, Music, Literature",unknown,,listing_url=https://resartis.org/listings/bridge-guard-art-science-residence-centre/,2026-01-19 00:00:00
Bridge Studio,https://www.brdg.to/,Residency program,https://resartis.org/listings/,A,open,residencies,Japan,"Visual Art, Printmaking, Textile Art, Literature, New Media, Film-making, Architecture, Curatorial, Education Programmes, Photography",unknown,,listing_url=https://resartis.org/listings/bridge-to/,2026-01-19 00:00:00
Broken Hill Art Exchange @ The Grand,http://www.brokenhillartexchange.org.au,Residency program,https://resartis.org/listings/,A,open,residencies,Australia,"Visual Art, Sculpture, Ceramics, Dance, Theatre, Performing Arts, Textile Art, Music, Literature",unknown,,listing_url=https://resartis.org/listings/broken-hill-art-exchange-inc/,2026-01-19 00:00:00
The Dora Maar House,http://www.maisondoramaar.org,Residency program,https://resartis.org/listings/,A,open,residencies,France,"Visual Art, Sculpture, Ceramics, Dance, Theatre, Performing Arts, Textile Art, Music, Literature, New Media, Film-making, Architecture, Curatorial, Photography, Other",unknown,,listing_url=https://resartis.org/listings/brown-foundation-fellows-program-at-the-dora-maar-house/,2026-01-19 00:00:00
Buinho AIR,http://www.buinho.pt,Residency program,https://resartis.org/listings/,A,open,residencies,Portugal,"Visual Art, Sculpture, Dance, Performing Arts, Textile Art, Music, Literature, New Media, Animations, Film-making, Architecture, Curatorial, Education Programmes, Photography, Other",unknown,,listing_url=https://resartis.org/listings/buinho-creative-hub/,2026-01-19 00:00:00
Bundanon Artists in Residence program,http://www.bundanon.com.au,Residency program,https://resartis.org/listings/,A,open,residencies,Australia,"Visual Art, Sculpture, Ceramics, Dance, Theatre, Printmaking, Performing Arts, Textile Art, Music, Literature, New Media, Curatorial, Photography, Other",unknown,,listing_url=https://resartis.org/listings/bundanon-trust/,2026-01-19 00:00:00
Burren College of Art,https://www.burrencollege.ie/programmes/artist-residencies/,Residency program,https://resartis.org/listings/,A,open,residencies,Ireland,"Visual Art, Sculpture, Printmaking, Performing Arts, Textile Art, Music, Literature, Other",unknown,,listing_url=https://resartis.org/listings/burren-college-of-art/,2026-01-19 00:00:00
Artist in Residence @ CRETA Rome,http://www.cretarome.com,Residency program,https://resartis.org/listings/,A,open,residencies,Italy,"Visual Art, Sculpture, Ceramics",unknown,,listing_url=https://resartis.org/listings/c-r-e-t-a-rome-ceramics-residencies-exhibitions-teaching-the-arts/,2026-01-19 00:00:00
Caetani Centre Artist Residency Programs,https://www.caetani.org/,Residency program,https://resartis.org/listings/,A,open,residencies,Canada,"Visual Art, Literature, Curatorial",unknown,,listing_url=https://resartis.org/listings/caetani-centre/,2026-01-19 00:00:00
Cafe Tissardmine,http://www.cafetissardmine.com,Residency program,https://resartis.org/listings/,A,open,residencies,Morocco,"Visual Art, Sculpture, Ceramics, Dance, Theatre, Performing Arts, Textile Art, Music, Literature",unknown,,listing_url=https://resartis.org/listings/cafe-tissardmine/,2026-01-19 00:00:00
Canteiro Residency,https://canteiro.art.br/,Residency program,https://resartis.org/listings/,A,open,residencies,Brazil,"Visual Art, Sculpture, Performing Arts, Music, Curatorial, Photography",unknown,,listing_url=https://resartis.org/listings/canteiro/,2026-01-19 00:00:00
"Drawing Canyon, Sage and Sky",https://canyonsagesky.com/,Residency program,https://resartis.org/listings/,A,open,residencies,United-States,"Visual Art, Other",unknown,,listing_url=https://resartis.org/listings/canyon-sage-and-sky/,2026-01-19 00:00:00
Programa de Residencias Artísticas Casa de Mono/Casa de Mono Artist Residency Program,https://casademono.com,Residency program,https://resartis.org/listings/,A,open,residencies,Colombia,"Visual Art, Sculpture, Ceramics, Dance, Theatre, Printmaking, Performing Arts, Textile Art, Music, Literature",unknown,,listing_url=https://resartis.org/listings/casa-de-mono/,2026-01-19 00:00:00
Prisma AIR,https://prismalx.com/,Residency program,https://resartis.org/listings/,A,open,residencies,Portugal,"Visual Art, Dance, Theatre, Printmaking, Performing Arts, Music, Film-making, Curatorial, Education Programmes, Photography, Other",unknown,,listing_url=https://resartis.org/listings/casa-de-semente-educacao-e-desenvolvimento-para-arte-nucleo-de-artistas-prisma/,2026-01-19 00:00:00
Casa Gran Artist in Residence,http://amengual.com/air,Residency program,https://resartis.org/listings/,A,open,residencies,Spain,"Printmaking, Photography",unknown,,listing_url=https://resartis.org/listings/casa-gran/,2026-01-19 00:00:00
Casa Lü Parque Art Residency in Mexico City,https://www.casalu.org/,Residency program,https://resartis.org/listings/,A,open,residencies,Mexico,"Visual Art, Sculpture, Dance, Performing Arts, Literature, New Media, Animations, Film-making, Photography, Other",unknown,,listing_url=https://resartis.org/listings/casa-lu/,2026-01-19 00:00:00
Casa Lü Sur,https://www.elsurmx.art,Residency program,https://resartis.org/listings/,A,open,residencies,Mexico,"Visual Art, Sculpture, Dance, Music, Literature, New Media, Curatorial, Photography, Other",unknown,,listing_url=https://resartis.org/listings/casa-lu-sur-mexico-city/,2026-01-19 00:00:00
CASA NA ILHA,http://casanailha.org,Residency program,https://resartis.org/listings/,A,open,residencies,Brazil,"Visual Art, Sculpture, Ceramics, Dance, Theatre, Performing Arts, Textile Art, Music, Literature",unknown,,listing_url=https://resartis.org/listings/casa-na-ilha/,2026-01-19 00:00:00
Casa Tagumerche,http://www.casa-tagumerche.com,Residency program,https://resartis.org/listings/,A,open,residencies,Spain,"Visual Art, Music, Literature",unknown,,listing_url=https://resartis.org/listings/casa-tagumerche/,2026-01-19 00:00:00
Casa Taller El Boga,https://en.elbogamompox.com/,Residency program,https://resartis.org/listings/,A,open,residencies,Colombia,"Visual Art, Sculpture, Ceramics, Dance, Theatre, Performing Arts, Music, Literature, Film-making, Architecture, Education Programmes, Photography",unknown,,listing_url=https://resartis.org/listings/casa-taller-el-boga/,2026-01-19 00:00:00
Casasanvito,http://www.casasanvito.com,Residency program,https://resartis.org/listings/,A,open,residencies,Italy,"Visual Art, Sculpture, Dance, Theatre, Performing Arts, Textile Art, Music, Literature, New Media, Animations, Film-making, Architecture, Curatorial, Photography",unknown,,listing_url=https://resartis.org/listings/casasanvito/,2026-01-19 00:00:00
Casa Salas,https://www.casasalas.site/,Residency program,https://resartis.org/listings/,A,open,residencies,Argentina,"Visual Art, Sculpture, Ceramics, Dance, Theatre, Printmaking, Performing Arts, Textile Art, Music",unknown,,listing_url=https://resartis.org/listings/casa_salas/,2026-01-19 00:00:00
Brac AiR Programme,http://www.caymanbracautumnfestival.com,Residency program,https://resartis.org/listings/,A,open,residencies,Cayman-Islands,Visual Art,unknown,,listing_url=https://resartis.org/listings/cayman-brac-autumn-festival/,2026-01-19 00:00:00
CCN RESIDENCY(Chung Cheong Nam-do Artist in Residency) Chungcheongnam-do government,https://www.chungnam.go.kr/ccnresidency/eng/web/main.do,Residency program,https://resartis.org/listings/,A,open,residencies,South-Korea,Visual Art,unknown,,listing_url=https://resartis.org/listings/ccn-residency-chungnam-museum-of-artchungcheongnam-do-provincial-government/,2026-01-19 00:00:00
Various transnational residencies and Fellowships,http://www.cecartslink.org,Residency program,https://resartis.org/listings/,A,open,residencies,United-States,Other,unknown,,listing_url=https://resartis.org/listings/cec_artslink/,2026-01-19 00:00:00
Artist In Residence,http://www.cemeti.art,Residency program,https://resartis.org/listings/,A,open,residencies,Indonesia,Visual Art,unknown,,listing_url=https://resartis.org/listings/cemeti-institute-for-art-society/,2026-01-19 00:00:00
Belgrade Artist in Residence BAIR and VSG,http://belgradeartistinresidence.wordpress.com/,Residency program,https://resartis.org/listings/,A,open,residencies,Serbia,"Visual Art, Sculpture, Dance, Performing Arts, Textile Art, New Media, Curatorial, Photography, Other",unknown,,listing_url=https://resartis.org/listings/center-424-belgrade-artist-in-residence/,2026-01-19 00:00:00
Texas Art Residency,https://center-arts.com,Residency program,https://resartis.org/listings/,A,open,residencies,United-States,"Visual Art, Sculpture, Ceramics, Printmaking, Textile Art, New Media, Photography",unknown,,listing_url=https://resartis.org/listings/center-for-contemporary-arts/,2026-01-19 00:00:00
Makers in Residency / Designer in Residency,https://www.center-rog.si/en/,Residency program,https://resartis.org/listings/,A,open,residencies,Slovenia,"Ceramics, Textile Art, Architecture, Other, Glass",unknown,,listing_url=https://resartis.org/listings/center-rog/,2026-01-19 00:00:00
neimënster – Centre Culturel de Rencontre Abbaye de Neumünster,https://www.neimenster.lu/en/frontpage/,Residency program,https://resartis.org/listings/,A,open,residencies,Luxembourg,"Visual Art, Dance, Theatre, Performing Arts, Music, Literature, Film-making",unknown,,listing_url=https://resartis.org/listings/centre-culturel-de-rencontre-abbaye-de-neumnster-neimnster/,2026-01-19 00:00:00
Centre d’Art i Natura de Farrera,http://www.farreracan.cat,Residency program,https://resartis.org/listings/,A,open,residencies,Spain,"Visual Art, Sculpture, Dance, Theatre, Printmaking, Performing Arts, Textile Art, Music, Literature, Education Programmes",unknown,,listing_url=https://resartis.org/listings/centre-d-art-i-natura-de-farrera/,2026-01-19 00:00:00
Javier & Marta Villavecchia Fellowship,https://www.upf.edu/web/cercca/fellowship,Residency program,https://resartis.org/listings/,A,open,residencies,Spain,"Visual Art, Dance, Theatre, Performing Arts, Music, Literature, New Media, Film-making, Architecture, Photography",unknown,,listing_url=https://resartis.org/listings/centre-for-aesthetics-religion-and-contemporary-culture/,2026-01-19 00:00:00
CENTRE POMPADOUR neofeminist laboratory,http://www.centrepompadour.com,Residency program,https://resartis.org/listings/,A,open,residencies,France,"Visual Art, Dance, Theatre, Performing Arts, Music, Literature, New Media, Curatorial, Photography",unknown,,listing_url=https://resartis.org/listings/centre-pompadour-neofeminist-laboratory/,2026-01-19 00:00:00
Centro de creación artística Casa Garcés,http://www.casagarces.org,Residency program,https://resartis.org/listings/,A,open,residencies,Spain,"Visual Art, Sculpture, Performing Arts, Textile Art, Music, Literature, Architecture, Photography",unknown,,listing_url=https://resartis.org/listings/centro-de-creacion-artistica-casa-garces/,2026-01-19 00:00:00
Cerdeira – Home for Creativity,https://www.cerdeirahomeforcreativity.com/,Residency program,https://resartis.org/listings/,A,open,residencies,Portugal,"Visual Art, Sculpture, Ceramics, Education Programmes, Other",unknown,,listing_url=https://resartis.org/listings/cerdeira-village-art-craft/,2026-01-19 00:00:00
Chashama North ( ChaNorth ),http://www.chanorth.com,Residency program,https://resartis.org/listings/,A,open,residencies,United-States,"Visual Art, Sculpture, Dance, Theatre, Performing Arts, Textile Art, Music, Literature, Education Programmes, Photography",unknown,,listing_url=https://resartis.org/listings/chanorth/,2026-01-19 00:00:00
cheLA (Centro Experimental Latinoamericano),https://chela.org.ar,Residency program,https://resartis.org/listings/,A,open,residencies,Argentina,"Dance, Performing Arts, Textile Art, Music, New Media, Animations, Film-making, Architecture, Photography, Other",unknown,,listing_url=https://resartis.org/listings/chela-fundacion-exacta-2/,2026-01-19 00:00:00
Crystal Ruth Bell Residency,http://chinaresidencies.com,Residency program,https://resartis.org/listings/,A,open,residencies,China,"Visual Art, Sculpture, Ceramics, Dance, Theatre, Printmaking, Performing Arts, Textile Art, Music, Literature, New Media, Animations, Film-making, Architecture, Curatorial, Education Programmes, Other",unknown,,listing_url=https://resartis.org/listings/china-residencies/,2026-01-19 00:00:00
Chinese European Art Center,http://www.ceac99.org,Residency program,https://resartis.org/listings/,A,open,residencies,China,"Visual Art, Sculpture, Ceramics, Printmaking, Performing Arts, Textile Art, Music, Literature, New Media, Animations, Film-making, Curatorial",unknown,,listing_url=https://resartis.org/listings/chinese-european-art-center/,2026-01-19 00:00:00
Chokechaka/The Golden Bridge,https://www.chokechaka.com,Residency program,https://resartis.org/listings/,A,open,residencies,Peru,"Visual Art, Sculpture, Ceramics, Dance, Theatre, Performing Arts, Textile Art, Music, Literature, New Media, Animations, Film-making, Architecture, Curatorial, Education Programmes, Photography",unknown,,listing_url=https://resartis.org/listings/chokechaka-the-golden-bridge/,2026-01-19 00:00:00
Chulitna Lodge Wilderness Retreat Creative Residency,http://chulitnalodge.com/artists,Residency program,https://resartis.org/listings/,A,open,residencies,United-States,"Visual Art, Sculpture, Dance, Printmaking, Performing Arts, Textile Art, Music, Literature, Animations, Film-making, Photography",unknown,,listing_url=https://resartis.org/listings/chulitna-lodge-wilderness-retreat-2/,2026-01-19 00:00:00
Cité internationale des arts,https://www.citedesartsparis.net/en/,Residency program,https://resartis.org/listings/,A,open,residencies,France,"Visual Art, Sculpture, Ceramics, Dance, Theatre, Printmaking, Performing Arts, Textile Art, Music, Literature, New Media, Film-making, Architecture, Curatorial, Photography",unknown,,listing_url=https://resartis.org/listings/cite-internationale-des-arts/,2026-01-19 00:00:00
Cité internationale des arts,https://www.citedesartsparis.net/fr/la-cite,Residency program,https://resartis.org/listings/,A,open,residencies,France,"Visual Art, Sculpture, Ceramics, Dance, Theatre, Printmaking, Performing Arts, Textile Art, Music, Literature, New Media, Film-making, Architecture, Curatorial, Photography",unknown,,listing_url=https://resartis.org/listings/cite-internationale-des-arts-montmartre/,2026-01-19 00:00:00
Civitella Ranieri Foundation,http://www.civitella.org,Residency program,https://resartis.org/listings/,A,open,residencies,Italy,"Visual Art, Music, Literature",unknown,,listing_url=https://resartis.org/listings/civitella-ranieri-foundation/,2026-01-19 00:00:00
Cloud Collective Residency,https://www.cloudcollectiveresidency.com/,Residency program,https://resartis.org/listings/,A,open,residencies,United-States,"Visual Art, Literature, Other",unknown,,listing_url=https://resartis.org/listings/cloud-collective-residency/,2026-01-19 00:00:00
Cloudstone Artist Residency,https://www.instagram.com/cloudstone_artist_residency/?hl=en,Residency program,https://resartis.org/listings/,A,open,residencies,Australia,"Visual Art, Sculpture",unknown,,listing_url=https://resartis.org/listings/cloudstone-artist-residency/,2026-01-19 00:00:00
co.iki,http://co-iki.org,Residency program,https://resartis.org/listings/,A,open,residencies,Japan,"Visual Art, Sculpture, Ceramics, Dance, Theatre, Performing Arts, Textile Art, Music, Literature",unknown,,listing_url=https://resartis.org/listings/co-iki/,2026-01-19 00:00:00
Cobertizo,https://cobertizo.com.mx,Residency program,https://resartis.org/listings/,A,open,residencies,Mexico,"Visual Art, Sculpture, Ceramics, Textile Art, Music, Literature, Photography, Other",unknown,,listing_url=https://resartis.org/listings/cobertizo-arts-recidency/,2026-01-19 00:00:00
R.A.R.O. Buenos Aires,http://www.esraro.com/buenosaires,Residency program,https://resartis.org/listings/,A,open,residencies,Argentina,"Visual Art, Sculpture, Ceramics, Dance, Theatre, Printmaking, Performing Arts, Textile Art, New Media, Curatorial, Photography",unknown,,listing_url=https://resartis.org/listings/colectivo-r-a-r-o-2/,2026-01-19 00:00:00
Colleen Graham Art,http://colleengrahamart.com,Residency program,https://resartis.org/listings/,A,open,residencies,Afghanistan,Not specified,unknown,,listing_url=https://resartis.org/listings/colleen-graham-art/,2026-01-19 00:00:00
San Miguel de Allende Residency Program,https://caminoalarte.org/en/,Residency program,https://resartis.org/listings/,A,open,residencies,Mexico,"Visual Art, Sculpture, Printmaking, Performing Arts, Textile Art",unknown,,listing_url=https://resartis.org/listings/comunidad-creativa-camino-al-arte/,2026-01-19 00:00:00
Contact Darkroom Residency,http://contactdarkroom.co.uk,Residency program,https://resartis.org/listings/,A,open,residencies,United-Kingdom,"Visual Art, Printmaking, Photography",unknown,,listing_url=https://resartis.org/listings/contact-darkroom-2/,2026-01-19 00:00:00
Peripeteia Artist Residency,https://www.nostates.fi/en/residency/,Residency program,https://resartis.org/listings/,A,open,residencies,Finland,"Visual Art, Sculpture, Ceramics, Dance, Theatre, Printmaking, Performing Arts, Textile Art, Literature, New Media, Architecture, Curatorial, Photography",unknown,,listing_url=https://resartis.org/listings/cooperative-nostates/,2026-01-19 00:00:00
ISLA (Latin American Superior Art Institute and residency center),https://www.bienalsaco.com,Residency program,https://resartis.org/listings/,A,open,residencies,Chile,"Visual Art, Performing Arts, Curatorial, Education Programmes, Photography, Other",unknown,,listing_url=https://resartis.org/listings/corporacion-cultural-saco/,2026-01-19 00:00:00
AiR Corpus,https://www.corpus-acrobatics.nl/,Residency program,https://resartis.org/listings/,A,open,residencies,Brazil,"Visual Art, Dance, Theatre, Circus",unknown,,listing_url=https://resartis.org/listings/corpus-acrobatics/,2026-01-19 00:00:00
Cortijo el Moro – Art Residency,https://cortijoelmoro.com,Residency program,https://resartis.org/listings/,A,open,residencies,Spain,"Visual Art, Sculpture, Ceramics, Printmaking, Textile Art, Literature, Film-making, Architecture, Photography",unknown,,listing_url=https://resartis.org/listings/cortijo-el-moro-art-residency/,2026-01-19 00:00:00
Cottonwood Resident Facilitator Program,http://cottonwoodalc.org,Residency program,https://resartis.org/listings/,A,open,residencies,United-States,"Visual Art, Sculpture, Ceramics, Dance, Theatre, Printmaking, Performing Arts, Textile Art, Music, Literature, New Media, Animations, Film-making, Architecture, Curatorial, Education Programmes, Photography, Other",unknown,,listing_url=https://resartis.org/listings/cottonwood/,2026-01-19 00:00:00
La Foulerie,https://www.couravecvue.com,Residency program,https://resartis.org/listings/,A,open,residencies,France,"Visual Art, Sculpture, Dance, Theatre, Performing Arts, Music, Literature, Film-making, Photography",unknown,,listing_url=https://resartis.org/listings/cour-avec-vue/,2026-01-19 00:00:00
Court of Cavalum,http://www.courtofcavalum.com,Residency program,https://resartis.org/listings/,A,open,residencies,Portugal,"Visual Art, Dance, Theatre, Performing Arts, Textile Art, Music, Literature, New Media, Animations, Film-making, Other",unknown,,listing_url=https://resartis.org/listings/court-of-cavalum/,2026-01-19 00:00:00
Cow House Studios,http://www.cowhousestudios.com/residency/,Residency program,https://resartis.org/listings/,A,open,residencies,Ireland,"Visual Art, Sculpture, Dance, Performing Arts, Textile Art, Literature",unknown,,listing_url=https://resartis.org/listings/cow-house-studios/,2026-01-19 00:00:00
Córtex Frontal – Artist Residency,http://www.cortexfrontal.org,Residency program,https://resartis.org/listings/,A,open,residencies,Portugal,"Visual Art, Dance, Theatre, Performing Arts, Textile Art, Literature, New Media, Architecture, Curatorial, Education Programmes, Photography",unknown,,listing_url=https://resartis.org/listings/co_rtex-frontal/,2026-01-19 00:00:00
Crag Pit Studios,https://cragpithouse.uk/,Residency program,https://resartis.org/listings/,A,open,residencies,United-Kingdom,"Visual Art, Dance, Theatre, Performing Arts, Music, Literature",unknown,,listing_url=https://resartis.org/listings/crag-pit-studios/,2026-01-19 00:00:00
CAFI Art Residency,https://creativeartfarm.eu/,Residency program,https://resartis.org/listings/,A,open,residencies,Italy,"Visual Art, New Media",unknown,,listing_url=https://resartis.org/listings/creative-art-farm-in-italy-aps/,2026-01-19 00:00:00
Site-Specific,https://www.creativebody.org/,Residency program,https://resartis.org/listings/,A,open,residencies,United-States,"Visual Art, Sculpture, Dance, Theatre, Performing Arts, Music, Literature, Film-making, Curatorial, Photography, Other",unknown,,listing_url=https://resartis.org/listings/creative-body-institute/,2026-01-19 00:00:00
Creative Australia,https://creative.gov.au/,Residency program,https://resartis.org/listings/,A,open,residencies,Australia,"Visual Art, Dance, Theatre, Performing Arts, Music, Literature",unknown,,listing_url=https://resartis.org/listings/creative_australia/,2026-01-19 00:00:00
Creekside Arts Residency Programs,https://creeksidearts.org/residency/,Residency program,https://resartis.org/listings/,A,open,residencies,United-States,"Visual Art, Sculpture, Ceramics, Dance, Theatre, Performing Arts, Music, Literature, Photography, Other",unknown,,listing_url=https://resartis.org/listings/creekside-arts/,2026-01-19 00:00:00
Criatório – Creative Residency,http://ocriatorio.com.br,Residency program,https://resartis.org/listings/,A,open,residencies,Brazil,"Visual Art, Sculpture, Ceramics, Dance, Theatre, Printmaking, Performing Arts, Textile Art, Music, Literature, New Media, Animations, Film-making, Architecture, Curatorial, Education Programmes, Photography, Other, Glass",unknown,,listing_url=https://resartis.org/listings/criatorio/,2026-01-19 00:00:00
Crithir creative hub,https://www.instagram.com/crithir_,Residency program,https://resartis.org/listings/,A,open,residencies,Ireland,"Visual Art, Textile Art, Music, Literature, Architecture, Education Programmes, Photography, Other",unknown,,listing_url=https://resartis.org/listings/crithir/,2026-01-19 00:00:00
La Baldi Residency,https://cultivateprojects.net,Residency program,https://resartis.org/listings/,A,open,residencies,Italy,"Visual Art, Sculpture, Music, Literature, New Media, Film-making, Curatorial, Photography, Other",unknown,,listing_url=https://resartis.org/listings/cultivate/,2026-01-19 00:00:00
Sanctuary Slimane Artist Residency,http://www.sanctuaryslimane.com,Residency program,https://resartis.org/listings/,A,open,residencies,Morocco,"Visual Art, Sculpture, Ceramics, Theatre, Performing Arts, Textile Art, Music, Literature, Photography",unknown,,listing_url=https://resartis.org/listings/dar-slimane/,2026-01-19 00:00:00
DE PROEF. Residency,http://deproef.org,Residency program,https://resartis.org/listings/,A,open,residencies,Netherlands,"Visual Art, Sculpture, Ceramics, Dance, Theatre, Printmaking, Performing Arts, Textile Art, Music, Literature, New Media, Animations, Film-making, Curatorial, Education Programmes, Photography",unknown,,listing_url=https://resartis.org/listings/de-proef/,2026-01-19 00:00:00
De Etser Artistic Residency,http://deetser.art,Residency program,https://resartis.org/listings/,A,open,residencies,Brazil,"Visual Art, Ceramics, Printmaking",unknown,,listing_url=https://resartis.org/listings/de-etser-atelier/,2026-01-19 00:00:00
DAR (Druskininkai Artists’s Residence),https://www.artdruskininkai.lt/en/application/,Residency program,https://resartis.org/listings/,A,open,residencies,Lithuania,"Visual Art, Dance, Performing Arts, Music",unknown,,listing_url=https://resartis.org/listings/dar-druskininkai-artistss-residence/,2026-01-19 00:00:00
DAIS AIR,https://daisishinomaki.jp/en/,Residency program,https://resartis.org/listings/,A,open,residencies,Japan,"Visual Art, Performing Arts, Education Programmes",unknown,,listing_url=https://resartis.org/listings/dais-ishinomaki-diversity-art-interactive-studio/,2026-01-19 00:00:00
Tropical Art Retreat,http://cultivarte.com.co,Residency program,https://resartis.org/listings/,A,open,residencies,Colombia,"Sculpture, Dance, Theatre, Performing Arts, Music, Literature, Film-making, Architecture, Education Programmes, Photography, Circus",unknown,,listing_url=https://resartis.org/listings/cultivarte/,2026-01-19 00:00:00
Cycladic Arts,https://cycladicarts.com/home.html,Residency program,https://resartis.org/listings/,A,open,residencies,Greece,"Visual Art, Sculpture, Textile Art, Literature, New Media, Animations, Film-making, Curatorial, Photography, Other",unknown,,listing_url=https://resartis.org/listings/cycladic-arts/,2026-01-19 00:00:00
Cuarto Pexigo,http://www.cuartopexigo.com,Residency program,https://resartis.org/listings/,A,open,residencies,Spain,"Visual Art, Music, Literature, New Media, Film-making, Architecture, Curatorial, Photography, Other",unknown,,listing_url=https://resartis.org/listings/cuarto-pexigo/,2026-01-19 00:00:00
DAR MESO,http://www.darmeso.com,Residency program,https://resartis.org/listings/,A,open,residencies,Tunisia,"Visual Art, Sculpture, Ceramics, Dance, Theatre, Performing Arts, Textile Art, Music, Literature, New Media, Animations, Film-making, Architecture, Education Programmes, Photography, Other",unknown,,listing_url=https://resartis.org/listings/dar-meso-sarl/,2026-01-19 00:00:00
Det Vilde Spinderi – residency,https://www.detvildespinderi.dk/residency-exhibition,Residency program,https://resartis.org/listings/,A,open,residencies,Denmark,Textile Art,unknown,,listing_url=https://resartis.org/listings/det-vilde-spinderi/,2026-01-19 00:00:00
Dentro La Terra,https://www.dentrolaterra.com/art-residency,Residency program,https://resartis.org/listings/,A,open,residencies,Italy,"Visual Art, Theatre, Performing Arts, Music, Literature",unknown,,listing_url=https://resartis.org/listings/dentro-la-terra/,2026-01-19 00:00:00
DOM Art Residence,https://domartresidence.com,Residency program,https://resartis.org/listings/,A,open,residencies,Spain,"Visual Art, Sculpture, Ceramics, Performing Arts, Photography, Glass",unknown,,listing_url=https://resartis.org/listings/dom-art-residence-s-l/,2026-01-19 00:00:00
Dogo Residenz für Neue Kunst,http://www.dogoresidenz.ch,Residency program,https://resartis.org/listings/,A,open,residencies,Switzerland,"Visual Art, Sculpture, Dance, Performing Arts, Music, Literature, New Media, Film-making, Photography",unknown,,listing_url=https://resartis.org/listings/dogo-residenz-fr-neue-kunst/,2026-01-19 00:00:00
Saruya Artist Residency,https://saruya-air.com/,Residency program,https://resartis.org/listings/,A,open,residencies,Japan,"Visual Art, Sculpture, Ceramics, Printmaking, Performing Arts, Textile Art, Music, Photography",unknown,,listing_url=https://resartis.org/listings/doo-soo-artist-residence/,2026-01-19 00:00:00
Boisbuchet’s Residency Programme,https://www.boisbuchet.org/,Residency program,https://resartis.org/listings/,A,open,residencies,France,"Visual Art, Sculpture, Ceramics, Theatre, Performing Arts, Textile Art, Literature, New Media, Film-making, Architecture, Curatorial, Photography, Other, Glass",unknown,,listing_url=https://resartis.org/listings/domaine-de-boisbuchet/,2026-01-19 00:00:00
Do a Front,http://www.doafront.org,Residency program,https://resartis.org/listings/,A,open,residencies,Japan,Not specified,unknown,,listing_url=https://resartis.org/listings/do-a-front/,2026-01-19 00:00:00
Dorland Mountain Arts Residency Program,https://www.dorlandmountainarts.org/,Residency program,https://resartis.org/listings/,A,open,residencies,United-States,"Visual Art, Sculpture, Printmaking, Textile Art, Music, Literature",unknown,,listing_url=https://resartis.org/listings/dorland-mountain-arts-colony/,2026-01-19 00:00:00
Kronenringe: Jewellery Residency for Emerging Artists,https://dieKunstBauStelle.de,Residency program,https://resartis.org/listings/,A,open,residencies,Germany,Other,unknown,,listing_url=https://resartis.org/listings/diekunstbaustelle-e-v/,2026-01-19 00:00:00
"Dragon Dance Artist Residency – house and studio in Trois-Rivieres, Quebec",https://dragondanceartistresidency.weebly.com/,Residency program,https://resartis.org/listings/,A,open,residencies,Canada,"Visual Art, Sculpture, Printmaking, Music, Literature",unknown,,listing_url=https://resartis.org/listings/dragon-dance-artist-residency-house-and-studio-in-trois-rivi%c2%81_res-qu_n_bec/,2026-01-19 00:00:00
Driftwood Studios,http://www.driftwoodstudios.co.za,Residency program,https://resartis.org/listings/,A,open,residencies,South-Africa,"Visual Art, Sculpture, Ceramics, Dance, Theatre, Performing Arts, Textile Art, Literature",unknown,,listing_url=https://resartis.org/listings/driftwood-studios/,2026-01-19 00:00:00
Proyecto´ace,http://www.proyectoace.org,Residency program,https://resartis.org/listings/,A,open,residencies,Argentina,"Visual Art, Sculpture, Printmaking, Performing Arts, Textile Art, New Media, Animations, Film-making, Curatorial, Education Programmes, Photography, Other",unknown,,listing_url=https://resartis.org/listings/eaace/,2026-01-19 00:00:00
DRAWING RESEARCH ACTION WORKS,http://www.drawinternational.com,Residency program,https://resartis.org/listings/,A,open,residencies,France,Visual Art,unknown,,listing_url=https://resartis.org/listings/drawinternational/,2026-01-19 00:00:00
William Flanagan Memorial Creative Persons Center,https://www.albeefoundation.org/,Residency program,https://resartis.org/listings/,A,open,residencies,United-States,"Visual Art, Sculpture, Ceramics, Printmaking, Literature, Photography",unknown,,listing_url=https://resartis.org/listings/edward-f-albee-foundation/,2026-01-19 00:00:00
Edition/Basel,http://editionbasel.com,Residency program,https://resartis.org/listings/,A,open,residencies,Switzerland,"Visual Art, Printmaking",unknown,,listing_url=https://resartis.org/listings/edition-basel/,2026-01-19 00:00:00
Eins Art Studios,https://www.stefanie1.com/,Residency program,https://resartis.org/listings/,A,open,residencies,Namibia,"Visual Art, Sculpture, Printmaking, Performing Arts, Textile Art, Music, Literature, New Media",unknown,,listing_url=https://resartis.org/listings/eins-art-studios/,2026-01-19 00:00:00
Edenhope Artist Residency,https://www.edenhopeartistresidency.com.au,Residency program,https://resartis.org/listings/,A,open,residencies,Australia,"Visual Art, Sculpture, Ceramics, Printmaking, Textile Art, Literature, New Media, Animations, Film-making, Architecture, Photography",unknown,,listing_url=https://resartis.org/listings/edenhope-artist-residency/,2026-01-19 00:00:00
Ehsan Rasoulof,https://wordpress.org/,Residency program,https://resartis.org/listings/,A,open,residencies,Iran,Not specified,unknown,,listing_url=https://resartis.org/listings/ehsan-rasoulof/,2026-01-19 00:00:00
El Galpón Aluminé,https://elgalponalumine.com/,Residency program,https://resartis.org/listings/,A,open,residencies,Argentina,"Visual Art, Sculpture, Ceramics, Performing Arts, Textile Art, Literature, New Media, Photography",unknown,,listing_url=https://resartis.org/listings/el-gapon-residencia/,2026-01-19 00:00:00
EL GRANERO *,https://estudioelgranero.com/tagged/residencia,Residency program,https://resartis.org/listings/,A,open,residencies,Spain,"Visual Art, Theatre, Printmaking, Music, Literature, New Media, Film-making, Architecture, Curatorial, Education Programmes, Photography, Other",unknown,,listing_url=https://resartis.org/listings/el-granero-www-estudioelgranero-com/,2026-01-19 00:00:00
Electro-etching Residency-workshop in Canary Islands,http://en.crujera.com/residency/about-the-residency-2.html,Residency program,https://resartis.org/listings/,A,open,residencies,Spain,"Visual Art, Sculpture, Printmaking, Other",unknown,,listing_url=https://resartis.org/listings/electro-etching-residency-workshop-residencia-taller-de-grabado-electrole%c2%8dtico/,2026-01-19 00:00:00
Eliza Roberts,https://wordpress.org/,Residency program,https://resartis.org/listings/,A,open,residencies,Australia,Not specified,unknown,,listing_url=https://resartis.org/listings/eliza-roberts/,2026-01-19 00:00:00
ELPA Design and Sustainability Residency,http://www.elparesidency.lv,Residency program,https://resartis.org/listings/,A,open,residencies,Latvia,"Sculpture, Textile Art, Film-making, Architecture, Curatorial",unknown,,listing_url=https://resartis.org/listings/elpa-residency/,2026-01-19 00:00:00
Embassy of Foreign Artists,http://www.eofa.ch,Residency program,https://resartis.org/listings/,A,open,residencies,Switzerland,"Visual Art, Sculpture, Ceramics, Dance, Theatre, Performing Arts, Textile Art, Music, Literature",unknown,,listing_url=https://resartis.org/listings/embassy-of-foreign-artists/,2026-01-19 00:00:00
VIR Viafarini-in-residence,https://www.viafarini.org/,Residency program,https://resartis.org/listings/,A,open,residencies,Italy,"Visual Art, Curatorial",unknown,,listing_url=https://resartis.org/listings/endless-residency/,2026-01-19 00:00:00
Eramboo Artist Environment,https://www.eramboo.com.au/,Residency program,https://resartis.org/listings/,A,open,residencies,Australia,"Visual Art, Sculpture, Ceramics, Dance, Performing Arts, Textile Art, Music, Literature",unknown,,listing_url=https://resartis.org/listings/eramboo-artist-environment/,2026-01-19 00:00:00
Espai Souvenir Barcelona residency program,http://espaisouvenir.com/,Residency program,https://resartis.org/listings/,A,open,residencies,Spain,"Visual Art, New Media, Film-making, Curatorial, Photography",unknown,,listing_url=https://resartis.org/listings/espai-souvenir/,2026-01-19 00:00:00
Essere Writer & Artist Residency,https://www.essereresidency.org,Residency program,https://resartis.org/listings/,A,open,residencies,Italy,"Visual Art, Sculpture, Theatre, Printmaking, Performing Arts, Textile Art, Music, Literature, New Media, Animations, Film-making, Architecture, Education Programmes, Photography, Other",unknown,,listing_url=https://resartis.org/listings/essere-residency-llc/,2026-01-19 00:00:00
Estudio Chapulín,https://www.estudiochapulin.com/,Residency program,https://resartis.org/listings/,A,open,residencies,Mexico,"Visual Art, Sculpture, Printmaking, Literature, Architecture, Curatorial, Photography",unknown,,listing_url=https://resartis.org/listings/estudio-chapulin/,2026-01-19 00:00:00
REMA,https://www.estudiosmarte.com/,Residency program,https://resartis.org/listings/,A,open,residencies,Mexico,"Visual Art, Sculpture, Performing Arts, Textile Art, Music, Literature, New Media, Animations, Film-making, Curatorial, Education Programmes, Photography, Other",unknown,,listing_url=https://resartis.org/listings/estudio-marte/,2026-01-19 00:00:00
Eskipazar,https://eskipazar.cc,Residency program,https://resartis.org/listings/,A,open,residencies,Turkey,Other,unknown,,listing_url=https://resartis.org/listings/eskipazar-art-space/,2026-01-19 00:00:00
Euroatla,https://atlastudio.pt,Residency program,https://resartis.org/listings/,A,open,residencies,Portugal,"Visual Art, Sculpture, Ceramics, Dance, Printmaking, Performing Arts, Textile Art, Music, Literature, New Media, Animations, Film-making, Architecture, Curatorial, Education Programmes, Photography",unknown,,listing_url=https://resartis.org/listings/euroatla/,2026-01-19 00:00:00
in the search of the source,http://www.origem.art,Residency program,https://resartis.org/listings/,A,open,residencies,Portugal,"Visual Art, Sculpture, Ceramics, New Media, Film-making, Architecture, Education Programmes, Photography, Other",unknown,,listing_url=https://resartis.org/listings/estudio-origem/,2026-01-19 00:00:00
EUTOPIA ART RESIDENCIES,http://eutopiaart.com,Residency program,https://resartis.org/listings/,A,open,residencies,Greece,"Visual Art, Sculpture, Ceramics, Theatre, Printmaking, Performing Arts, Music, Literature, New Media, Architecture, Photography, Other",unknown,,listing_url=https://resartis.org/listings/eutopia-art-residency/,2026-01-19 00:00:00
European Art Fellowship of the District Council of Upper Bavaria,http://www.schafhof-kuenstlerhaus.de,Residency program,https://resartis.org/listings/,A,open,residencies,Germany,"Visual Art, Sculpture, New Media, Photography",unknown,,listing_url=https://resartis.org/listings/european-house-of-art-upper-bavaria-schafhof/,2026-01-19 00:00:00
Residencias #Ey!Studio,https://www.eystudioart.com/,Residency program,https://resartis.org/listings/,A,open,residencies,Spain,"Visual Art, Sculpture, Ceramics, Printmaking, Performing Arts, Textile Art",unknown,,listing_url=https://resartis.org/listings/eystudio/,2026-01-19 00:00:00
EVENT HORIZON CRETE,https://dolphinwilding.com/pages/36.html,Residency program,https://resartis.org/listings/,A,open,residencies,Greece,"Visual Art, Sculpture, Theatre, Performing Arts, Music, Literature, Film-making, Photography",unknown,,listing_url=https://resartis.org/listings/event-horizon/,2026-01-19 00:00:00
Faberllull,https://faberllull.cat/en/index.cfm,Residency program,https://resartis.org/listings/,A,open,residencies,Spain,"Visual Art, Dance, Theatre, Performing Arts, Music, Literature, New Media, Film-making, Education Programmes, Other",unknown,,listing_url=https://resartis.org/listings/faber-residency-for-arts-sciences-and-humanities-of-catalonia-in-olot/,2026-01-19 00:00:00
ExtrArtis,http://www.extrartis.com,Residency program,https://resartis.org/listings/,A,open,residencies,Italy,"Visual Art, Sculpture, Architecture, Education Programmes, Photography, Other, Glass",unknown,,listing_url=https://resartis.org/listings/extrartis-artists-residencies-for-creative-economy/,2026-01-19 00:00:00
Fairres AiR,http://www.fairresair.com/,Residency program,https://resartis.org/listings/,A,open,residencies,Finland,"Visual Art, Performing Arts, Music, Literature",unknown,,listing_url=https://resartis.org/listings/fairres/,2026-01-19 00:00:00
Casa de Luz,https://www.mielemanueli.com/++&+https://fabna.it/,Residency program,https://resartis.org/listings/,A,open,residencies,Italy,"Visual Art, Sculpture, Textile Art, Literature, New Media, Animations, Film-making, Architecture, Education Programmes, Photography",unknown,,listing_url=https://resartis.org/listings/fabna-miel-emanueli/,2026-01-19 00:00:00
Fienile Fluò,http://www.fienilefluo.it/en/crexida-eng/,Residency program,https://resartis.org/listings/,A,open,residencies,Italy,"Visual Art, Dance, Theatre, Performing Arts, Music",unknown,,listing_url=https://resartis.org/listings/fienile-fluo_/,2026-01-19 00:00:00
Farm Studio,https://farmingstudio.wordpress.com/art-residency/,Residency program,https://resartis.org/listings/,A,open,residencies,India,"Visual Art, Sculpture, Ceramics, Dance, Performing Arts, Textile Art, Music, Literature, New Media, Film-making, Photography",unknown,,listing_url=https://resartis.org/listings/farm-studio/,2026-01-19 00:00:00
Fez Art Residency,http://www.fezartresidency.com,Residency program,https://resartis.org/listings/,A,open,residencies,Morocco,"Visual Art, Sculpture, Ceramics, Dance, Theatre, Printmaking",unknown,,listing_url=https://resartis.org/listings/fez-art-residency/,2026-01-19 00:00:00
"Fish Factory, Creative Centre of Stöðvarfjörður",http://www.fishfactory.is,Residency program,https://resartis.org/listings/,A,open,residencies,Iceland,"Visual Art, Sculpture, Ceramics, Dance, Theatre, Printmaking, Performing Arts, Music, Literature, Animations, Film-making, Other",unknown,,listing_url=https://resartis.org/listings/fish-factory-ndash-creative-centre/,2026-01-19 00:00:00
Florìda Air-Program,https://www.studioflorida.it,Residency program,https://resartis.org/listings/,A,open,residencies,Italy,"Visual Art, Sculpture, Performing Arts, Textile Art, New Media, Film-making, Curatorial, Other",unknown,,listing_url=https://resartis.org/listings/florida/,2026-01-19 00:00:00
Flor del Sol,http://N/A,Residency program,https://resartis.org/listings/,A,open,residencies,Bolivia,"Visual Art, Sculpture, Dance, Performing Arts, Textile Art, Music, Literature",unknown,,listing_url=https://resartis.org/listings/flor-del-sol/,2026-01-19 00:00:00
Flusslab,https://www.flusslab.com/,Residency program,https://resartis.org/listings/,A,open,residencies,Germany,"Visual Art, Sculpture, Ceramics, Dance, Theatre, Printmaking, Performing Arts, Textile Art, Music, Literature, New Media, Animations, Film-making, Curatorial, Photography",unknown,,listing_url=https://resartis.org/listings/flusslab/,2026-01-19 00:00:00
Fondazione Culturale Officine Saffi Residency,https://officinesaffi.org/en/,Residency program,https://resartis.org/listings/,A,open,residencies,Italy,"Sculpture, Ceramics",unknown,,listing_url=https://resartis.org/listings/fondazione-officine-saffi/,2026-01-19 00:00:00
Fiskars Village Artist in Residence,http://www.fiskarsair.fi,Residency program,https://resartis.org/listings/,A,open,residencies,Finland,"Visual Art, Sculpture, Ceramics, Dance, Theatre, Performing Arts, Textile Art, Music, Literature",unknown,,listing_url=https://resartis.org/listings/fiskars-village-artist-in-residence/,2026-01-19 00:00:00
FaveLAB,http://www.favelab.net,Residency program,https://resartis.org/listings/,A,open,residencies,Greece,"Visual Art, Sculpture, Dance, Theatre, Performing Arts, Textile Art, Literature, Film-making, Curatorial, Photography, Other",unknown,,listing_url=https://resartis.org/listings/favelab/,2026-01-19 00:00:00
Artists’ Residency – Spazju Kreattiv,https://www.kreattivita.org/en/artists-residency/,Residency program,https://resartis.org/listings/,A,open,residencies,Malta,"Visual Art, Sculpture, Ceramics, Dance, Theatre, Performing Arts, Textile Art, Music, Literature, New Media, Architecture, Curatorial, Education Programmes, Other",unknown,,listing_url=https://resartis.org/listings/fondazzjoni-kreattivito_/,2026-01-19 00:00:00
BIRCA – Bækkelund International Residency Center for Artists,http://www.birca.org,Residency program,https://resartis.org/listings/,A,open,residencies,Denmark,"Dance, Theatre, Performing Arts",unknown,,listing_url=https://resartis.org/listings/foreningen-birca-residency/,2026-01-19 00:00:00
FotoCreativaBA,https://www.fotocreativaba.com/,Residency program,https://resartis.org/listings/,A,open,residencies,Argentina,"Visual Art, Performing Arts, Textile Art, Literature, New Media, Animations, Film-making, Curatorial, Education Programmes, Photography, Other",unknown,,listing_url=https://resartis.org/listings/fotocreativaba/,2026-01-19 00:00:00
MASEREEL,https://masereel.art/en/,Residency program,https://resartis.org/listings/,A,open,residencies,Belgium,"Visual Art, Printmaking, Curatorial, Photography",unknown,,listing_url=https://resartis.org/listings/frans-masereel-centrum/,2026-01-19 00:00:00
IATRUS,http://www.iatrus.art,Residency program,https://resartis.org/listings/,A,open,residencies,Bulgaria,"Visual Art, Sculpture, Ceramics, Textile Art, New Media, Curatorial, Photography",unknown,,listing_url=https://resartis.org/listings/foundation-for-contemporary-art-and-media/,2026-01-19 00:00:00
Founding President Honorary Board Member,https://wordpress.org/,Residency program,https://resartis.org/listings/,A,open,residencies,Germany,Not specified,unknown,,listing_url=https://resartis.org/listings/founding-president-honorary-board-member/,2026-01-19 00:00:00
Studio Panicale,http://www.studiopanicale.com,Residency program,https://resartis.org/listings/,A,open,residencies,Italy,"Visual Art, Sculpture, Ceramics, Music, Literature, New Media, Photography",unknown,,listing_url=https://resartis.org/listings/friends-of-studio-panicale/,2026-01-19 00:00:00
Fremantle Arts Centre,http://www.fac.org.au,Residency program,https://resartis.org/listings/,A,open,residencies,Australia,"Visual Art, Sculpture, Ceramics, Dance, Performing Arts, Textile Art, Music, Literature",unknown,,listing_url=https://resartis.org/listings/fremantle-arts-centre/,2026-01-19 00:00:00
Studio 511,https://studio511.org/,Residency program,https://resartis.org/listings/,A,open,residencies,Serbia,Visual Art,unknown,,listing_url=https://resartis.org/listings/frog3/,2026-01-19 00:00:00
Fundacion Valparaiso,http://www.fundacionvalparaiso.com,Residency program,https://resartis.org/listings/,A,open,residencies,Spain,"Visual Art, Sculpture, Ceramics, Dance, Theatre, Performing Arts, Textile Art, Music, Literature",unknown,,listing_url=https://resartis.org/listings/fundacio_n-valparaiso/,2026-01-19 00:00:00
Residência Artística FAAP – São Paulo,http://www.faap.br/residenciaartistica,Residency program,https://resartis.org/listings/,A,open,residencies,Brazil,"Visual Art, Sculpture, Ceramics, Printmaking, Performing Arts, New Media, Photography",unknown,,listing_url=https://resartis.org/listings/fundao_oo-armando-alvares-penteado/,2026-01-19 00:00:00
"Fundaziun Nairs – Künstler*innenhaus, Kunsthalle, Kulturlabor",http://www.nairs.ch,Residency program,https://resartis.org/listings/,A,open,residencies,Switzerland,"Visual Art, Sculpture, Theatre, Performing Arts, Textile Art, Music, Literature, New Media, Film-making, Curatorial, Photography, Other",unknown,,listing_url=https://resartis.org/listings/fundaziun-nairs/,2026-01-19 00:00:00
La Chispa’s International Artist in Residency Program,http://lachispa.co/es/,Residency program,https://resartis.org/listings/,A,open,residencies,Colombia,"Visual Art, Dance, Theatre, Performing Arts, Music, Literature, Education Programmes",unknown,,listing_url=https://resartis.org/listings/fundacion-casa-cultural-la-chispa/,2026-01-19 00:00:00
Gate 44 artist’ residencies,https://www.gate44.eu/,Residency program,https://resartis.org/listings/,A,open,residencies,Italy,"Visual Art, Printmaking",unknown,,listing_url=https://resartis.org/listings/gate-44-2/,2026-01-19 00:00:00
Gate 27,http://www.gate-27.com,Residency program,https://resartis.org/listings/,A,open,residencies,Turkey,"Visual Art, Sculpture, Ceramics, Dance, Theatre, Printmaking, Performing Arts, Textile Art, Music, Literature, New Media, Animations, Film-making, Architecture, Curatorial, Education Programmes, Photography, Other, Glass",unknown,,listing_url=https://resartis.org/listings/gate-27/,2026-01-19 00:00:00
Kindred,https://www.generationwomen.us/kindred,Residency program,https://resartis.org/listings/,A,open,residencies,United-States,Literature,unknown,,listing_url=https://resartis.org/listings/generation-women/,2026-01-19 00:00:00
Ceramics Workshop Holidays,https://www.gaia-ceramics.com/workshop-holidays,Residency program,https://resartis.org/listings/,A,open,residencies,Greece,Ceramics,unknown,,listing_url=https://resartis.org/listings/gaia-ceramics/,2026-01-19 00:00:00
Gil Artist Residency,http://www.listagil.is,Residency program,https://resartis.org/listings/,A,open,residencies,Iceland,Visual Art,unknown,,listing_url=https://resartis.org/listings/gilfelag-artist-residency/,2026-01-19 00:00:00
Gen Gallery International Residencies,https://mp.weixin.qq.com/s?__biz=Mzk0MDU3MDQ2OA==&mid=2247485714&idx=1&sn=c197a0702faba4636020ece6ac2b7b52&chksm=c3db00074f4b140ddb8028af86d65664ccb90ba6aa3a6023025ea9248f3edaa06996f1374084&mpshare=1&srcid=0220PDaDl84A6HdIVrOdUOi0&sharer_shareinfo=6a4adb3ff52bf8a07e404777f55c8de5&sharer_shareinfo_first=6a4adb3ff52bf8a07e404777f55c8de5&from=singlemessage&scene=1&subscene=10000&clicktime=1740011796&enterid=1740011796&sessionid=0&ascene=1&fasttmpl_type=0&fasttmpl_fullversion=7610964-en_US-zip&fasttmpl_flag=0&realreporttime=1740011796610#rd,Residency program,https://resartis.org/listings/,A,open,residencies,China,"Visual Art, Sculpture, Music, New Media, Curatorial, Education Programmes, Photography",unknown,,listing_url=https://resartis.org/listings/gen-gallery-2/,2026-01-19 00:00:00
Gironda,http://www.gironda.me,Residency program,https://resartis.org/listings/,A,open,residencies,Italy,"Visual Art, Sculpture, Ceramics, Theatre, Printmaking, Performing Arts, Textile Art, Music, Literature, Architecture, Curatorial, Photography",unknown,,listing_url=https://resartis.org/listings/gironda/,2026-01-19 00:00:00
Good Hart Artist Residency,http://www.goodhartartistresidency.org/,Residency program,https://resartis.org/listings/,A,open,residencies,United-States,"Visual Art, Sculpture, Ceramics, Textile Art, Literature",unknown,,listing_url=https://resartis.org/listings/good-hart-artist-residency/,2026-01-19 00:00:00
Glosolì International Residency for Artists,http://robertatirassa.wix.com/ivreaartresidency,Residency program,https://resartis.org/listings/,A,open,residencies,Italy,"Visual Art, Dance, Theatre, Performing Arts, Music",unknown,,listing_url=https://resartis.org/listings/glosoli-international-residency-for-artists/,2026-01-19 00:00:00
GlogauAIR Multidisciplinary Residency,http://www.glogauair.net,Residency program,https://resartis.org/listings/,A,open,residencies,Germany,"Visual Art, Sculpture, Ceramics, Dance, Theatre, Performing Arts, Textile Art, Literature, New Media, Film-making, Curatorial",unknown,,listing_url=https://resartis.org/listings/glogauair-ggmbh/,2026-01-19 00:00:00
Graniti Murales,http://www.granitimurales.org,Residency program,https://resartis.org/listings/,A,open,residencies,Italy,"Visual Art, Sculpture, Dance, Theatre, Performing Arts, Textile Art, Music, Literature",unknown,,listing_url=https://resartis.org/listings/graniti-murales/,2026-01-19 00:00:00
Green Olive Arts,http://www.greenolivearts.com,Residency program,https://resartis.org/listings/,A,open,residencies,Morocco,"Visual Art, Sculpture, Ceramics, Dance, Theatre, Printmaking, Performing Arts, Textile Art, Music, Literature, Film-making, Photography",unknown,,listing_url=https://resartis.org/listings/green-olive-arts/,2026-01-19 00:00:00
Gothland Residency,https://gothlandresidency.se,Residency program,https://resartis.org/listings/,A,open,residencies,Afghanistan,Not specified,unknown,,listing_url=https://resartis.org/listings/gothland-residency/,2026-01-19 00:00:00
Greywood Arts,http://www.greywoodarts.org,Residency program,https://resartis.org/listings/,A,open,residencies,Ireland,"Visual Art, Sculpture, Ceramics, Dance, Theatre, Performing Arts, Textile Art, Music, Literature, New Media, Animations, Film-making, Architecture, Curatorial, Education Programmes",unknown,,listing_url=https://resartis.org/listings/greywood-arts/,2026-01-19 00:00:00
"Gullkistan, Center for Creativity",http://gullkistan.is,Residency program,https://resartis.org/listings/,A,open,residencies,Iceland,"Visual Art, Sculpture, Performing Arts, Textile Art, Music, Literature, New Media, Animations, Film-making, Architecture, Curatorial, Education Programmes",unknown,,listing_url=https://resartis.org/listings/gullkistan-center-for-creativity/,2026-01-19 00:00:00
Haba Art Residency,https://linktr.ee/haahspace,Residency program,https://resartis.org/listings/,A,open,residencies,Spain,"Visual Art, Sculpture, Ceramics, Printmaking, Performing Arts, Textile Art, Music, New Media, Architecture, Curatorial, Education Programmes, Photography, Other",unknown,,listing_url=https://resartis.org/listings/ha-ah-space-in-barcelona/,2026-01-19 00:00:00
GRACIA Residency Program,http://www.graciagt.com,Residency program,https://resartis.org/listings/,A,open,residencies,Guatemala,"Visual Art, Textile Art, Music, Literature, New Media, Animations, Film-making, Architecture, Curatorial, Photography, Other",unknown,,listing_url=https://resartis.org/listings/gracia-residency/,2026-01-19 00:00:00
Amaltas: art residency@Gulmohar,https://www.gulmohar.space,Residency program,https://resartis.org/listings/,A,open,residencies,India,"Sculpture, Printmaking, Film-making, Photography, Glass",unknown,,listing_url=https://resartis.org/listings/gulmohar/,2026-01-19 00:00:00
Greenhills Art Centre,http://greenhillsartcentre.com,Residency program,https://resartis.org/listings/,A,open,residencies,Australia,"Visual Art, Printmaking, Textile Art, Literature, Photography",unknown,,listing_url=https://resartis.org/listings/greenhills-art-centre/,2026-01-19 00:00:00
Hafnarborg,http://hafnarborg.is/en/,Residency program,https://resartis.org/listings/,A,open,residencies,Iceland,Visual Art,unknown,,listing_url=https://resartis.org/listings/hafnarborg/,2026-01-19 00:00:00
Haihatus Artist Residency,https://haihatus.fi/en/residency/,Residency program,https://resartis.org/listings/,A,open,residencies,Finland,"Visual Art, Sculpture, Dance, Theatre, Printmaking, Performing Arts, Textile Art, Music, Literature, New Media, Animations, Film-making, Curatorial, Photography",unknown,,listing_url=https://resartis.org/listings/haihatus/,2026-01-19 00:00:00
Hakoniemi Residency,http://www.hakoniemi.com,Residency program,https://resartis.org/listings/,A,open,residencies,Finland,"Visual Art, Sculpture, Ceramics, Performing Arts, Textile Art, Music, Literature, New Media, Film-making, Architecture, Photography, Other",unknown,,listing_url=https://resartis.org/listings/hakoniemi-luova-tila/,2026-01-19 00:00:00
Hangar / Center of Artistic Research,http://www.hangar.com.pt,Residency program,https://resartis.org/listings/,A,open,residencies,Portugal,"Visual Art, Music, Curatorial, Education Programmes, Photography",unknown,,listing_url=https://resartis.org/listings/hangar-center-of-artistic-research/,2026-01-19 00:00:00
HARP Horse and Art Research Program,http://www.horseandart.hu/en,Residency program,https://resartis.org/listings/,A,open,residencies,Hungary,"Visual Art, Performing Arts, Music, Curatorial, Education Programmes, Other",unknown,,listing_url=https://resartis.org/listings/harp-horse-and-art-research-program/,2026-01-19 00:00:00
Open Studio Residency,http://www.haystack-mtn.org,Residency program,https://resartis.org/listings/,A,open,residencies,United-States,"Visual Art, Sculpture, Ceramics, Printmaking, Textile Art, Literature, Other",unknown,,listing_url=https://resartis.org/listings/haystack-mountain-school-of-crafts/,2026-01-19 00:00:00
Heima Art Residency,http://www.h-e-i-m-a.com,Residency program,https://resartis.org/listings/,A,open,residencies,Iceland,"Visual Art, Sculpture, Ceramics, Dance, Theatre, Performing Arts, Textile Art, Music, Literature",unknown,,listing_url=https://resartis.org/listings/heima-art-residency/,2026-01-19 00:00:00
AIR: Artist/Activist in Residency,https://www.hektor.es/,Residency program,https://resartis.org/listings/,A,open,residencies,Spain,"Visual Art, Sculpture, Ceramics, Printmaking, Textile Art, Literature, New Media, Animations, Film-making, Photography, Other",unknown,,listing_url=https://resartis.org/listings/hektor/,2026-01-19 00:00:00
"Hello, Print Friend Studios",http://www.helloprintfriendstudio.com,Residency program,https://resartis.org/listings/,A,open,residencies,Thailand,"Visual Art, Printmaking",unknown,,listing_url=https://resartis.org/listings/hello-print-friend-studios/,2026-01-19 00:00:00
Hessische Kulturstiftung,https://www.hkst.de/en/scholarships/,Residency program,https://resartis.org/listings/,A,open,residencies,Germany,Visual Art,unknown,,listing_url=https://resartis.org/listings/hessische-kulturstiftung/,2026-01-19 00:00:00
Herhúsið,http://www.herhusid.com,Residency program,https://resartis.org/listings/,A,open,residencies,Iceland,"Visual Art, Dance, Performing Arts, Textile Art, Music, Literature, New Media, Film-making, Photography",unknown,,listing_url=https://resartis.org/listings/herhusid/,2026-01-19 00:00:00
HIAP – Helsinki International Artist Programme,http://www.hiap.fi/,Residency program,https://resartis.org/listings/,A,open,residencies,Finland,"Visual Art, Sculpture, Ceramics, Dance, Theatre, Printmaking, Performing Arts, Textile Art, Music, Literature, New Media, Animations, Film-making, Architecture, Curatorial",unknown,,listing_url=https://resartis.org/listings/hiap-helsinki-international-artist-programme/,2026-01-19 00:00:00
LESArtists,https://www.homesteadhospitality.co/lesartists,Residency program,https://resartis.org/listings/,A,open,residencies,Italy,"Visual Art, Sculpture, Ceramics, Literature, Architecture, Photography",unknown,,listing_url=https://resartis.org/listings/homestead-hospitality/,2026-01-19 00:00:00
Hotel Sainte Valiere,http://www.hotelsaintevaliere.com,Residency program,https://resartis.org/listings/,A,open,residencies,France,"Visual Art, Music, Literature, New Media, Photography",unknown,,listing_url=https://resartis.org/listings/hotel-sainte-valiere/,2026-01-19 00:00:00
Homesession,http://www.homesession.org,Residency program,https://resartis.org/listings/,A,open,residencies,Spain,"Visual Art, Sculpture, Performing Arts, Curatorial, Photography",unknown,,listing_url=https://resartis.org/listings/homesession/,2026-01-19 00:00:00
"International Artist Residency (Meanjin/Brisbane, Australia)",https://houseconspiracy.org,Residency program,https://resartis.org/listings/,A,open,residencies,Australia,"Visual Art, Sculpture, Theatre, Printmaking, Performing Arts, Textile Art, Literature, New Media, Film-making, Curatorial, Photography",unknown,,listing_url=https://resartis.org/listings/house-conspiracy/,2026-01-19 00:00:00
HAUHO – nature and peace,http://www.hovinkartano.net,Residency program,https://resartis.org/listings/,A,open,residencies,Finland,"Visual Art, Sculpture, Ceramics, Dance, Theatre, Performing Arts, Textile Art, Music, Literature",unknown,,listing_url=https://resartis.org/listings/hovinkartano-international-arts-and-cultural-cent/,2026-01-19 00:00:00
Old School art house,http://www.oldschool.is,Residency program,https://resartis.org/listings/,A,open,residencies,Iceland,"Visual Art, Sculpture, Ceramics, Dance, Theatre, Performing Arts, Textile Art, Music, Literature",unknown,,listing_url=https://resartis.org/listings/hrisey-old-school/,2026-01-19 00:00:00
"Artist in Residence 2025 – Waiheke Island, Aotearoa, New Zealand",https://www.waihekeartgallery.org.nz/,Residency program,https://resartis.org/listings/,A,open,residencies,New-Zealand,Other,unknown,,listing_url=https://resartis.org/listings/https-www-waihekeartgallery-org-nz/,2026-01-19 00:00:00
Hub Feenix Residency,https://residency.feenix.community/artists_experiences,Residency program,https://resartis.org/listings/,A,open,residencies,Finland,"Visual Art, Sculpture, Ceramics, Dance, Theatre, Printmaking, Performing Arts, Textile Art, Music, Literature, New Media",unknown,,listing_url=https://resartis.org/listings/hub-feenix/,2026-01-19 00:00:00
IASPIS,https://www.konstnarsnamnden.se/en/international-programmes-and-residencies/iaspis-international-programme-for-visual-and-applied-arts/,Residency program,https://resartis.org/listings/,A,open,residencies,Sweden,Visual Art,unknown,,listing_url=https://resartis.org/listings/iaspis/,2026-01-19 00:00:00
"I-Park Foundation, Inc",http://www.i-park.org,Residency program,https://resartis.org/listings/,A,open,residencies,United-States,"Visual Art, Sculpture, Ceramics, Performing Arts, Textile Art, Music, Literature",unknown,,listing_url=https://resartis.org/listings/i-park-foundation-inc-2/,2026-01-19 00:00:00
U.N.A.G.E. IASI ART RESIDENCY,https://www.ioanapalamar.com/iasi-art-residency/,Residency program,https://resartis.org/listings/,A,open,residencies,Romania,"Visual Art, Sculpture, Dance, Theatre, Performing Arts",unknown,,listing_url=https://resartis.org/listings/iasiartresidency/,2026-01-19 00:00:00
IETM (Informal European Theatre Meeting),http://www.ietm.org,Residency program,https://resartis.org/listings/,A,open,residencies,Belgium,"Dance, Theatre, Performing Arts",unknown,,listing_url=https://resartis.org/listings/ietm-informal-european-theatre-meeting/,2026-01-19 00:00:00
El Hacedor,https://elhacedor.es,Residency program,https://resartis.org/listings/,A,open,residencies,Spain,"Visual Art, Sculpture, Dance, Theatre, Performing Arts, Textile Art, Music, Literature",unknown,,listing_url=https://resartis.org/listings/ime_genes-y-palabras-el-hacedor/,2026-01-19 00:00:00
IMAGO International Artist Residency,https://www.artandculture.today/imago,Residency program,https://resartis.org/listings/,A,open,residencies,Bulgaria,"Visual Art, Sculpture, Dance, Performing Arts, Textile Art, Music, New Media, Film-making, Curatorial, Photography",unknown,,listing_url=https://resartis.org/listings/imago-international-artist-residency/,2026-01-19 00:00:00
Ikalto Micro Art Residence,https://ikaltoart.tilda.ws,Residency program,https://resartis.org/listings/,A,open,residencies,Georgia,Music,unknown,,listing_url=https://resartis.org/listings/ikalto-micro-art-residence/,2026-01-19 00:00:00
In Cahoots Residency,https://incahootsresidency.com/?fbclid=PAZXh0bgNhZW0CMTEAAacZIrd8rQA-LnQDQ0mY7K3T3kaNnu_3IXN7lGrVv9uiHu9UTOGs1RfTy5ExNA_aem_XgmwBpUoN82z9vd16rYIDQ,Residency program,https://resartis.org/listings/,A,open,residencies,United-States,"Visual Art, Printmaking, Literature",unknown,,listing_url=https://resartis.org/listings/in-cahoots-residency-2/,2026-01-19 00:00:00
Incheon Art Platform,http://www.inartplatform.kr,Residency program,https://resartis.org/listings/,A,open,residencies,South-Korea,"Visual Art, Performing Arts",unknown,,listing_url=https://resartis.org/listings/incheon-art-platform/,2026-01-19 00:00:00
Institut für Alles Mögliche,http://www.i-a-m.tk,Residency program,https://resartis.org/listings/,A,open,residencies,Germany,"Visual Art, Sculpture, Dance, Theatre, Printmaking, Performing Arts, Textile Art, Music, Literature, New Media, Animations, Film-making, Architecture, Curatorial, Education Programmes, Photography, Other",unknown,,listing_url=https://resartis.org/listings/institut-fo_r-alles-mo_gliche/,2026-01-19 00:00:00
“IN” Art space,http://www.sabaimani.com,Residency program,https://resartis.org/listings/,A,open,residencies,Oman,"Visual Art, Sculpture, Dance, Theatre, Performing Arts, Textile Art, New Media, Animations, Film-making, Education Programmes, Photography",unknown,,listing_url=https://resartis.org/listings/in-art-space-2/,2026-01-19 00:00:00
Interface,http://www.interfaceinagh.com,Residency program,https://resartis.org/listings/,A,open,residencies,Ireland,"Visual Art, Dance, Music, Literature",unknown,,listing_url=https://resartis.org/listings/interface/,2026-01-19 00:00:00
CasaBlanca Art Residency Program / Idartes,https://galeriasantafe.gov.co/sobre-el-programa-de-residencias-en-artes-plasticas/,Residency program,https://resartis.org/listings/,A,open,residencies,Colombia,"Visual Art, Sculpture, Ceramics, Dance, Theatre, Performing Arts, Music, Literature, New Media, Film-making, Circus",unknown,,listing_url=https://resartis.org/listings/instituto-distrital-de-las-artes/,2026-01-19 00:00:00
NEST Art Residency,https://www.ica.am/en/,Residency program,https://resartis.org/listings/,A,open,residencies,Armenia,"Visual Art, Sculpture, Ceramics, Printmaking, Performing Arts, Textile Art, Literature, New Media, Animations, Architecture, Curatorial, Education Programmes, Photography",unknown,,listing_url=https://resartis.org/listings/institute-for-contemporary-art-foundation/,2026-01-19 00:00:00
International Writers’ and Translators’ House,http://www.ventspilshouse.lv,Residency program,https://resartis.org/listings/,A,open,residencies,Latvia,Literature,unknown,,listing_url=https://resartis.org/listings/international-writersea-and-translatorsea-house/,2026-01-19 00:00:00
"International Writers’ and Artists’ Residency-Val-David, Quebec, Canada",http://www.flaviacosma.com/Val_David.html,Residency program,https://resartis.org/listings/,A,open,residencies,Canada,"Visual Art, Sculpture, Theatre, Performing Arts, Textile Art, Music, Literature",unknown,,listing_url=https://resartis.org/listings/international-writersea-and-artistsea-residency-val-david-quebec-canada/,2026-01-19 00:00:00
Ionion Center for the Arts and Culture,http://www.ionionartscenter.gr,Residency program,https://resartis.org/listings/,A,open,residencies,Greece,"Visual Art, Sculpture, Ceramics, Dance, Theatre, Performing Arts, Textile Art, Music, Literature, New Media, Animations, Architecture, Curatorial, Education Programmes, Photography",unknown,,listing_url=https://resartis.org/listings/ionion-center-for-the-arts-and-culture/,2026-01-19 00:00:00
Iowa Lakeside Lab Artist-in-Residence Program,http://lakesidelabair.org/,Residency program,https://resartis.org/listings/,A,open,residencies,United-States,"Visual Art, Sculpture, Dance, Theatre, Printmaking, Performing Arts, Textile Art, Music, New Media, Other",unknown,,listing_url=https://resartis.org/listings/iowa-lakeside-lab-biological-field-research-station/,2026-01-19 00:00:00
Internationale Gesellschaft der Bildenden Künste/IGBK,https://wordpress.org/,Residency program,https://resartis.org/listings/,A,open,residencies,Germany,Not specified,unknown,,listing_url=https://resartis.org/listings/internationale-gesellschaft-der-bildenden-kunste-igbk/,2026-01-19 00:00:00
Itinera Arte Artist Residency Program – Rio de Janeiro,https://www.instagram.com/itinera_arte/,Residency program,https://resartis.org/listings/,A,open,residencies,Brazil,"Visual Art, Sculpture, Performing Arts, New Media, Photography, Other",unknown,,listing_url=https://resartis.org/listings/itinera-arte/,2026-01-19 00:00:00
Isla de Crear,https://isladecrear.eu,Residency program,https://resartis.org/listings/,A,open,residencies,Spain,"Visual Art, Sculpture, Ceramics, Dance, Theatre, Performing Arts, Textile Art, Music, Literature, New Media, Animations, Film-making, Architecture, Curatorial, Photography, Other",unknown,,listing_url=https://resartis.org/listings/isla-de-crear/,2026-01-19 00:00:00
IZOLYATSIA,http://izolyatsia.org/en/,Residency program,https://resartis.org/listings/,A,open,residencies,Ukraine,"Visual Art, Sculpture, Performing Arts, Textile Art",unknown,,listing_url=https://resartis.org/listings/izolyatsia/,2026-01-19 00:00:00
Jan van Eyck Academie,http://www.janvaneyck.nl,Residency program,https://resartis.org/listings/,A,open,residencies,Netherlands,"Visual Art, Sculpture, Ceramics, Dance, Performing Arts, Textile Art",unknown,,listing_url=https://resartis.org/listings/jan-van-eyck-academie/,2026-01-19 00:00:00
Writers on the Reef,https://www.jcu.edu.au/RCALC,Residency program,https://resartis.org/listings/,A,open,residencies,Australia,Literature,unknown,,listing_url=https://resartis.org/listings/jcu-roderick-centre-for-australian-literature-and-creative-writing/,2026-01-19 00:00:00
Coaching Residency,http://www.irisartcentre.com,Residency program,https://resartis.org/listings/,A,open,residencies,Greece,"Visual Art, Ceramics, Education Programmes",unknown,,listing_url=https://resartis.org/listings/iris-art-centre/,2026-01-19 00:00:00
LuppArt,https://artresidency.luppart.hu/,Residency program,https://resartis.org/listings/,A,open,residencies,Hungary,"Visual Art, Sculpture, Photography, Other",unknown,,listing_url=https://resartis.org/listings/jo-termeszet-alapitvany/,2026-01-19 00:00:00
Joya: AiR,http://www.joya-air.org,Residency program,https://resartis.org/listings/,A,open,residencies,Spain,"Visual Art, Sculpture, Dance, Theatre, Performing Arts, Textile Art, Music, Literature, New Media, Animations, Film-making, Architecture, Curatorial",unknown,,listing_url=https://resartis.org/listings/joya-air/,2026-01-19 00:00:00
Joshibi University Art and Design (Teiko Hinuma),https://wordpress.org/,Residency program,https://resartis.org/listings/,A,open,residencies,Afghanistan,Not specified,unknown,,listing_url=https://resartis.org/listings/joshibi-university-art-and-design/,2026-01-19 00:00:00
"Kala Khoj, Prarthana-Community",https://wordpress.org/,Residency program,https://resartis.org/listings/,A,open,residencies,India,Not specified,unknown,,listing_url=https://resartis.org/listings/kala-khoj-prarthana-community/,2026-01-19 00:00:00
Juniper Clay Shop,https://www.juniperclayshop.com,Residency program,https://resartis.org/listings/,A,open,residencies,Afghanistan,"Sculpture, Ceramics",unknown,,listing_url=https://resartis.org/listings/juniper-clay-shop/,2026-01-19 00:00:00
KAAYSA ART + DANCE RESIDENCY – BRAZIL,http://www.Kaaysa.com,Residency program,https://resartis.org/listings/,A,open,residencies,Brazil,"Visual Art, Sculpture, Ceramics, Dance, Theatre, Printmaking, Performing Arts, Textile Art, Music, Literature, New Media, Animations, Film-making, Architecture, Curatorial, Education Programmes, Photography, Other",unknown,,listing_url=https://resartis.org/listings/kaaysa-art-residency/,2026-01-19 00:00:00
Košice Artist in Residence,http://www.kair.sk,Residency program,https://resartis.org/listings/,A,open,residencies,Slovakia,"Visual Art, Sculpture, Ceramics, Dance, Theatre, Printmaking, Performing Arts, Textile Art, Music, New Media, Curatorial, Photography",unknown,,listing_url=https://resartis.org/listings/k-a-i-r-koe_ice-artist-in-residence/,2026-01-19 00:00:00
Kakslauttanen Arctic Resort Residency,http://www.kakslauttanen.fi/,Residency program,https://resartis.org/listings/,A,open,residencies,Finland,"Visual Art, Sculpture, Performing Arts, Textile Art, Film-making, Photography",unknown,,listing_url=https://resartis.org/listings/kakslauttanen-arctic-resort-residency/,2026-01-19 00:00:00
Nest. Maternar en Residencia / Resistencia,https://www.karnekunst.com/open-call-nest-colombia-2026/,Residency program,https://resartis.org/listings/,A,open,residencies,Colombia,"Visual Art, Sculpture, Dance, Theatre, Performing Arts, Textile Art, Music, Literature, Film-making, Curatorial, Circus",unknown,,listing_url=https://resartis.org/listings/karne-kunst/,2026-01-19 00:00:00
"Artist Residency in beautiful Hainan, China",https://www.xiaohongshu.com/user/profile/5e055b82000000000100415e?xsec_token=ABTBjKNBJ5hi6pMpNMQzSP_gQ843dQP_lRIffqCEig9f0%3D&xsec_source=pc_search,Residency program,https://resartis.org/listings/,A,open,residencies,China,"Visual Art, Sculpture, Ceramics, Dance, Performing Arts, Textile Art, Literature, New Media, Film-making, Curatorial, Education Programmes, Photography",unknown,,listing_url=https://resartis.org/listings/kb-art-studio/,2026-01-19 00:00:00
"Kala Yatra Artist Residency, Kathmandu",https://kalayatra.org/,Residency program,https://resartis.org/listings/,A,open,residencies,Nepal,"Visual Art, Sculpture, Ceramics, Dance, Theatre, Performing Arts, Music, Literature, New Media, Film-making, Architecture, Curatorial, Education Programmes, Photography, Other",unknown,,listing_url=https://resartis.org/listings/kala-yatra-artist-collective/,2026-01-19 00:00:00
Kintai Arts Residency,http://kintaiarts.lt,Residency program,https://resartis.org/listings/,A,open,residencies,Lithuania,"Visual Art, Sculpture, Dance, Theatre, Performing Arts, Music, Literature, New Media, Film-making, Curatorial, Education Programmes",unknown,,listing_url=https://resartis.org/listings/kintai-arts/,2026-01-19 00:00:00
Relais de Camont Creative Residency,https://relaisdecamont.com/,Residency program,https://resartis.org/listings/,A,open,residencies,France,"Visual Art, Printmaking, Textile Art, Literature, Film-making, Photography, Other",unknown,,listing_url=https://resartis.org/listings/kitchen-at-camont/,2026-01-19 00:00:00
AIR Konstepidemin,https://konstepidemin.se/en/artist-in-residence-eng/,Residency program,https://resartis.org/listings/,A,open,residencies,Sweden,"Visual Art, Sculpture, Ceramics, Dance, Theatre, Printmaking, Performing Arts, Textile Art, Literature, New Media, Animations, Film-making, Curatorial, Photography",unknown,,listing_url=https://resartis.org/listings/konstepidemin-epidemic-of-art/,2026-01-19 00:00:00
Künstlerhaus Büchsenhausen,http://buchsenhausen.at,Residency program,https://resartis.org/listings/,A,open,residencies,Austria,"Visual Art, Curatorial",unknown,,listing_url=https://resartis.org/listings/ko_nstlerhaus-bo_chsenhausen/,2026-01-19 00:00:00
Kemijärvi Artists Residency sr,http://www.kemijarvi-artresidence.fi,Residency program,https://resartis.org/listings/,A,open,residencies,Finland,"Visual Art, Sculpture, Ceramics, Dance, Theatre, Performing Arts, Textile Art, Music, Literature",unknown,,listing_url=https://resartis.org/listings/kemijo_rvi-artists-residency/,2026-01-19 00:00:00
Artist Residency in the North of Berlin,http://www.khf-berlin.org,Residency program,https://resartis.org/listings/,A,open,residencies,Germany,"Visual Art, Sculpture, Ceramics, Dance, Theatre, Printmaking, Performing Arts, Textile Art, Music, Literature, New Media, Animations, Film-making, Architecture, Curatorial, Education Programmes, Photography, Other",unknown,,listing_url=https://resartis.org/listings/khf-berlin-kuenstlerhof-frohnau/,2026-01-19 00:00:00
Residencies for Glassmakers and Artists,http://kolodiumglass.cz/,Residency program,https://resartis.org/listings/,A,open,residencies,Czech-Republic,"Sculpture, Ceramics, Photography, Glass",unknown,,listing_url=https://resartis.org/listings/kolodiumglass-z-s/,2026-01-19 00:00:00
Konst i Halland/Hallands Konstmuseum,http://www.konstihalland.se,Residency program,https://resartis.org/listings/,A,open,residencies,Sweden,"Visual Art, Sculpture, Ceramics",unknown,,listing_url=https://resartis.org/listings/konst-i-halland-hallands-konstmuseum/,2026-01-19 00:00:00
KORDON,http://www.kordon.ee,Residency program,https://resartis.org/listings/,A,open,residencies,Estonia,"Visual Art, Performing Arts, Music, Literature, Film-making, Architecture, Curatorial, Photography, Other",unknown,,listing_url=https://resartis.org/listings/kordon-residency/,2026-01-19 00:00:00
Keramikkünstlerhaus Neumünster | ceramic artist house Neumünster,http://www.keramikkuenstlerhaus.de,Residency program,https://resartis.org/listings/,A,open,residencies,Germany,"Sculpture, Ceramics",unknown,,listing_url=https://resartis.org/listings/ko_nstlerhaus-stadtto_pferei-neumo_nster-e%c2%8dceramic-artist-exchange-tandem/,2026-01-19 00:00:00
Künstlerhäuser Worpswede,http://www.kh-worpswede.de,Residency program,https://resartis.org/listings/,A,open,residencies,Germany,"Visual Art, Sculpture, Performing Arts, Music, Literature",unknown,,listing_url=https://resartis.org/listings/ko_nstlerho_user-worpswede/,2026-01-19 00:00:00
Kristinestad Artists’ Residency,http://kristinestadresidency.org,Residency program,https://resartis.org/listings/,A,open,residencies,Finland,"Visual Art, Ceramics, Performing Arts, Textile Art, Music, Literature, Film-making, Architecture, Photography",unknown,,listing_url=https://resartis.org/listings/kristinestad-artistsea-residency/,2026-01-19 00:00:00
Kriti Gallery & Artist Residency,http://www.banaras.org.in,Residency program,https://resartis.org/listings/,A,open,residencies,India,"Visual Art, Sculpture, Dance, Performing Arts, Textile Art, Music, Literature, Film-making, Architecture, Curatorial, Education Programmes, Photography",unknown,,listing_url=https://resartis.org/listings/kriti-gallery-artist-residency/,2026-01-19 00:00:00
KulttuuriKauppila Art Centre,https://www.kulttuurikauppila.fi/en/home/,Residency program,https://resartis.org/listings/,A,open,residencies,Finland,"Visual Art, Sculpture, Ceramics, Dance, Theatre, Performing Arts, Textile Art, Music, Literature",unknown,,listing_url=https://resartis.org/listings/kulttuurikauppila-art-centre/,2026-01-19 00:00:00
Pfaelzer Hof Artist Residencies,https://sharedhabitat.net/Collaborations,Residency program,https://resartis.org/listings/,A,open,residencies,United-Kingdom,"Visual Art, Sculpture, Textile Art, Music, Literature, New Media, Film-making, Architecture, Curatorial, Photography, Other",unknown,,listing_url=https://resartis.org/listings/kuenstlerhaus-hotel-pfaelzer-hof/,2026-01-19 00:00:00
Kunst Asyl,http://www.narinezolyan.de,Residency program,https://resartis.org/listings/,A,open,residencies,Germany,"Visual Art, Sculpture, Performing Arts, Textile Art, Literature, Film-making",unknown,,listing_url=https://resartis.org/listings/kunst-asyl-art-residence-in-quedlinburg-germany/,2026-01-19 00:00:00
Kulturfactory,http://www.kultursciok.com,Residency program,https://resartis.org/listings/,A,open,residencies,Italy,"Visual Art, Dance, Theatre, Performing Arts, Music, Literature, Film-making, Curatorial, Education Programmes",unknown,,listing_url=https://resartis.org/listings/kulturscio_nek-kulturfactory-residential-program/,2026-01-19 00:00:00
KuBa Residency,http://www.kuba-kulturbahnhof.de/,Residency program,https://resartis.org/listings/,A,open,residencies,Germany,"Visual Art, Sculpture, Dance, Printmaking, Performing Arts, Music, Literature, New Media, Photography",unknown,,listing_url=https://resartis.org/listings/kuba-kulturbahnhof-klein-warnow/,2026-01-19 00:00:00
Minimales Reisen,http://kunsthallebelow.de/studios,Residency program,https://resartis.org/listings/,A,open,residencies,Germany,"Visual Art, Performing Arts, Literature, Curatorial, Photography, Other",unknown,,listing_url=https://resartis.org/listings/kunsthalle-below/,2026-01-19 00:00:00
Kuusamo ARK,https://www.kuusamo-ark.fi/en/,Residency program,https://resartis.org/listings/,A,open,residencies,Finland,"Visual Art, Sculpture, Ceramics, Dance, Theatre, Printmaking, Performing Arts, Textile Art, Music, Literature, New Media, Animations, Film-making, Architecture, Curatorial, Education Programmes, Photography, Other",unknown,,listing_url=https://resartis.org/listings/kuusamo-ark-kuusamo-collage/,2026-01-19 00:00:00
Kyoto Art Center Artist-in-Residence Program,http://www.kac.or.jp,Residency program,https://resartis.org/listings/,A,open,residencies,Japan,"Visual Art, Sculpture, Dance, Theatre, Performing Arts, Music, Literature, New Media, Film-making, Architecture, Curatorial, Education Programmes, Photography",unknown,,listing_url=https://resartis.org/listings/kyoto-art-center/,2026-01-19 00:00:00
KH MESSEN,http://www.khmessen.no,Residency program,https://resartis.org/listings/,A,open,residencies,Norway,"Visual Art, Sculpture, Ceramics, Dance, Theatre, Printmaking, Performing Arts, Textile Art, Music, Literature",unknown,,listing_url=https://resartis.org/listings/kunstnarhuset-messen/,2026-01-19 00:00:00
ART14 Residency,https://www.lastudio.org,Residency program,https://resartis.org/listings/,A,open,residencies,United-States,"Visual Art, Sculpture, Ceramics, Printmaking, Textile Art, Music, Literature, New Media, Animations, Photography",unknown,,listing_url=https://resartis.org/listings/l-a-studio/,2026-01-19 00:00:00
Kunstraum,https://www.kunstraumllc.com,Residency program,https://resartis.org/listings/,A,open,residencies,United-States,"Visual Art, Sculpture, Dance, Performing Arts, Textile Art, Literature",unknown,,listing_url=https://resartis.org/listings/kunstraum/,2026-01-19 00:00:00
La Becque | Artist Residency,http://www.labecque.ch,Residency program,https://resartis.org/listings/,A,open,residencies,Switzerland,"Visual Art, Sculpture, Ceramics, Dance, Theatre, Performing Arts, Textile Art, Music, New Media, Architecture, Curatorial, Photography, Other",unknown,,listing_url=https://resartis.org/listings/la-becque-artist-residency-rosidence-deaartistes/,2026-01-19 00:00:00
La Ceiba Gráfica,http://www.laceibagrafica.org,Residency program,https://resartis.org/listings/,A,open,residencies,Mexico,"Visual Art, Printmaking, Textile Art, Literature, Other",unknown,,listing_url=https://resartis.org/listings/la-ceiba-gr%d5%bdfica/,2026-01-19 00:00:00
‘La Casa Etruria Arist Residency’,https://www.lacasaetruria.com,Residency program,https://resartis.org/listings/,A,open,residencies,Italy,"Visual Art, Theatre, Film-making, Photography",unknown,,listing_url=https://resartis.org/listings/la-casa-etruria-art-residency/,2026-01-19 00:00:00
La Casa Cuadrada A.I.R.,https://lacasacuadradaelcoronil.com/residencia-de-arte/,Residency program,https://resartis.org/listings/,A,open,residencies,Spain,"Visual Art, Theatre, Performing Arts, Music, Literature, Film-making, Photography",unknown,,listing_url=https://resartis.org/listings/la-casa-cuadrada-a-i-r/,2026-01-19 00:00:00
La Casa Móvil. Residencias Artísticas,http://www.lacasamovil.com,Residency program,https://resartis.org/listings/,A,open,residencies,Spain,"Visual Art, Ceramics, Dance, Theatre, Textile Art, Music, Literature, Photography, Other",unknown,,listing_url=https://resartis.org/listings/la-casa-movil-casa-de-artistas/,2026-01-19 00:00:00
La Devignère,http://www.ladevignere.com,Residency program,https://resartis.org/listings/,A,open,residencies,France,"Visual Art, Dance, Theatre, Performing Arts, Music, Literature, Photography, Circus",unknown,,listing_url=https://resartis.org/listings/la-devign%d5%bcre/,2026-01-19 00:00:00
Residencia Declara,http://linktr.ee/laescueladeclara,Residency program,https://resartis.org/listings/,A,open,residencies,Peru,"Visual Art, Sculpture, Ceramics, Dance, Performing Arts, Music, Film-making, Education Programmes, Photography",unknown,,listing_url=https://resartis.org/listings/la-escuela-declara/,2026-01-19 00:00:00
La Macina di San Cresci,http://www.chianticom.com,Residency program,https://resartis.org/listings/,A,open,residencies,Italy,"Visual Art, Sculpture, Dance, Theatre, Performing Arts, Textile Art, Music, Literature, Animations, Film-making, Architecture, Curatorial",unknown,,listing_url=https://resartis.org/listings/la-macina-di-san-cresci/,2026-01-19 00:00:00
La Fontaine Artist in Residence,https://www.rainastinsonphotography.com/la/fontaine,Residency program,https://resartis.org/listings/,A,open,residencies,France,"Visual Art, Sculpture, Ceramics, Textile Art, Music, Literature, Photography",unknown,,listing_url=https://resartis.org/listings/la-fontaine-artist-in-residence/,2026-01-19 00:00:00
La Maison de Beaumont – Artist Residency in France,http://www.lamaisondebeaumont.com,Residency program,https://resartis.org/listings/,A,open,residencies,France,Music,unknown,,listing_url=https://resartis.org/listings/la-maison-de-beaumont/,2026-01-19 00:00:00
La Muse,https://www.lamuseretreat.com/,Residency program,https://resartis.org/listings/,A,open,residencies,France,"Visual Art, Music, Literature, Film-making, Photography",unknown,,listing_url=https://resartis.org/listings/la-muse/,2026-01-19 00:00:00
La Napoule Art Foundation,http://www.LNAF.org,Residency program,https://resartis.org/listings/,A,open,residencies,France,"Visual Art, Sculpture, Dance, Theatre, Performing Arts, Textile Art, Music, Literature, New Media, Animations, Film-making, Curatorial, Photography",unknown,,listing_url=https://resartis.org/listings/la-napoule-art-foundation/,2026-01-19 00:00:00
Print Studio & Gallery La Maldita Estampa,https://lamalditaestampa.eu/,Residency program,https://resartis.org/listings/,A,open,residencies,Spain,"Visual Art, Printmaking, Performing Arts, Textile Art, Other",unknown,,listing_url=https://resartis.org/listings/la-maldita-estampa/,2026-01-19 00:00:00
La Porte Peinte Centre pour les Arts,http://www.laportepeinte.com,Residency program,https://resartis.org/listings/,A,open,residencies,France,"Visual Art, Sculpture, Dance, Theatre, Performing Arts, Textile Art, Music, Literature",unknown,,listing_url=https://resartis.org/listings/la-porte-peinte-centre-pour-les-arts/,2026-01-19 00:00:00
La Maison Verte,https://www.jardin-botanique.org/la-maison-verte,Residency program,https://resartis.org/listings/,A,open,residencies,France,"Visual Art, Sculpture, Performing Arts, Music, Literature",unknown,,listing_url=https://resartis.org/listings/la-maison-verte/,2026-01-19 00:00:00
La Maison Kintsugi,http://www.lamaisonkintsugi.com,Residency program,https://resartis.org/listings/,A,open,residencies,France,"Visual Art, Sculpture, Music, Literature, New Media, Photography",unknown,,listing_url=https://resartis.org/listings/la-maison-kintsugi/,2026-01-19 00:00:00
Artes del Tiempo,https://www.laboratoriodeleco.com/laboratorio/artist-residency,Residency program,https://resartis.org/listings/,A,open,residencies,Chile,"Dance, Theatre, Performing Arts, Music, Literature, New Media, Other",unknown,,listing_url=https://resartis.org/listings/laboratorio-del-eco/,2026-01-19 00:00:00
LaBabuch Creative Residency,http://www.lababuch.com,Residency program,https://resartis.org/listings/,A,open,residencies,France,"Visual Art, Theatre, Printmaking, Performing Arts, Music, Literature, New Media, Film-making, Architecture, Curatorial, Photography",unknown,,listing_url=https://resartis.org/listings/lababuch/,2026-01-19 00:00:00
La Tempera – Creative retreat in Burgundy,https://latempera.fr,Residency program,https://resartis.org/listings/,A,open,residencies,France,"Visual Art, Theatre, Music, Literature, New Media, Animations, Film-making",unknown,,listing_url=https://resartis.org/listings/la-tempera/,2026-01-19 00:00:00
La Wayaka Current,http://lawayakacurrent.com,Residency program,https://resartis.org/listings/,A,open,residencies,Chile,"Visual Art, Sculpture, Ceramics, Dance, Theatre, Performing Arts, Textile Art, Music, Literature",unknown,,listing_url=https://resartis.org/listings/la-wayaka-current/,2026-01-19 00:00:00
Læsø Artist in Residence,https://www.laesoeair.com/,Residency program,https://resartis.org/listings/,A,open,residencies,Denmark,"Visual Art, Sculpture, Performing Arts",unknown,,listing_url=https://resartis.org/listings/laeso-air/,2026-01-19 00:00:00
Lademoen Kunstnerverksteder,http://www.lkv.no/,Residency program,https://resartis.org/listings/,A,open,residencies,Norway,"Visual Art, Sculpture, Ceramics, Dance, Theatre, Printmaking, Performing Arts, Textile Art, Music, Literature, New Media, Curatorial, Photography",unknown,,listing_url=https://resartis.org/listings/lademoen-kunstnerverksteder/,2026-01-19 00:00:00
L’AiR Arts International Arts Research Residency at Atelier 11 Cité Falguière in Paris,http://www.lairarts.com,Residency program,https://resartis.org/listings/,A,open,residencies,France,"Visual Art, Sculpture, Ceramics, Dance, Theatre, Printmaking, Performing Arts, Textile Art, Music, Literature, New Media, Animations, Film-making, Architecture, Curatorial",unknown,,listing_url=https://resartis.org/listings/lair-arts/,2026-01-19 00:00:00
Lancaster Press Fiji,http://www.lancasterpressfiji.com,Residency program,https://resartis.org/listings/,A,open,residencies,Fiji,"Visual Art, Sculpture, Printmaking, Textile Art, Literature, New Media, Education Programmes, Other",unknown,,listing_url=https://resartis.org/listings/lancaster-press-fiji/,2026-01-19 00:00:00
Landslide Residency Blue Mountains,https://www.instagram.com/landslide__/,Residency program,https://resartis.org/listings/,A,open,residencies,Australia,"Visual Art, Sculpture, Ceramics, Printmaking, Textile Art, Music, Literature, New Media, Film-making, Curatorial",unknown,,listing_url=https://resartis.org/listings/landslide/,2026-01-19 00:00:00
L´Appartamento Napoli,http://www.lappartamentonapoli.com,Residency program,https://resartis.org/listings/,A,open,residencies,Italy,Visual Art,unknown,,listing_url=https://resartis.org/listings/lappartamento-napoli/,2026-01-19 00:00:00
ILLAPSE . Barcelona,http://www.lapse.org.es,Residency program,https://resartis.org/listings/,A,open,residencies,Spain,"Visual Art, Textile Art, Curatorial, Photography",unknown,,listing_url=https://resartis.org/listings/lapse/,2026-01-19 00:00:00
Leena Vuotovesi,https://wordpress.org/,Residency program,https://resartis.org/listings/,A,open,residencies,Afghanistan,Not specified,unknown,,listing_url=https://resartis.org/listings/leena-vuotovesi/,2026-01-19 00:00:00
LE HUIT,https://www.landryriba.com/mountain-songs-factory/le-huit-arts-residency/,Residency program,https://resartis.org/listings/,A,open,residencies,France,"Visual Art, Textile Art, Music, Literature, New Media, Architecture, Photography",unknown,,listing_url=https://resartis.org/listings/le-huit-by-mountain-songs-factory/,2026-01-19 00:00:00
Le Marie-Terre,http://www.mariesoleilroy.com,Residency program,https://resartis.org/listings/,A,open,residencies,Afghanistan,Not specified,unknown,,listing_url=https://resartis.org/listings/le-marie-terre/,2026-01-19 00:00:00
Vindbyholtgård,https://leifhaslesfond.dk/,Residency program,https://resartis.org/listings/,A,open,residencies,Denmark,"Visual Art, Sculpture, Theatre, Textile Art, Literature, Animations, Curatorial, Photography",unknown,,listing_url=https://resartis.org/listings/leif-hasles-fond/,2026-01-19 00:00:00
Last Ship,https://www.lastship.in/,Residency program,https://resartis.org/listings/,A,open,residencies,India,"Visual Art, Sculpture, Performing Arts, New Media, Film-making, Photography, Other",unknown,,listing_url=https://resartis.org/listings/last-ship/,2026-01-19 00:00:00
BRAZZA Art Residency,https://brazzaresidency.fr,Residency program,https://resartis.org/listings/,A,open,residencies,France,"Visual Art, Literature, Film-making, Photography",unknown,,listing_url=https://resartis.org/listings/les-rencontres-de-brazza/,2026-01-19 00:00:00
LIA,http://www.liap.eu,Residency program,https://resartis.org/listings/,A,open,residencies,Germany,"Visual Art, Sculpture, Ceramics, Printmaking, Performing Arts, New Media, Film-making, Photography",unknown,,listing_url=https://resartis.org/listings/lia-leipzig-international-art-programme/,2026-01-19 00:00:00
Le Moulin de La Barde,http://www.lemoulindelabarde.com,Residency program,https://resartis.org/listings/,A,open,residencies,France,"Visual Art, Sculpture, Textile Art, Literature, New Media, Photography, Other",unknown,,listing_url=https://resartis.org/listings/le-moulin-de-la-barde/,2026-01-19 00:00:00
ACEA – Ateliers de Création et d’Expression Artistique,https://www.acea-marnay.org/en,Residency program,https://resartis.org/listings/,A,open,residencies,France,"Visual Art, Sculpture, Ceramics, Dance, Theatre, Printmaking, Performing Arts, Textile Art, Music, Literature, Photography",unknown,,listing_url=https://resartis.org/listings/lexpressoir/,2026-01-19 00:00:00
Laura Liebeskind Residencies,http://www.liebeskindentertainment.com,Residency program,https://resartis.org/listings/,A,open,residencies,Germany,"Visual Art, Ceramics, Theatre, Music, Literature",unknown,,listing_url=https://resartis.org/listings/laura-liebeskind-residencies/,2026-01-19 00:00:00
Life on a Leaf Residency,https://lifeonaleaf.fi/en/,Residency program,https://resartis.org/listings/,A,open,residencies,Finland,"Visual Art, Sculpture, Dance, Theatre, Performing Arts, Music, Literature, New Media, Animations, Film-making, Architecture, Curatorial, Photography, Other",unknown,,listing_url=https://resartis.org/listings/life-on-a-leaf-association/,2026-01-19 00:00:00
FM[Ai]R,http://www.linzfmr.at,Residency program,https://resartis.org/listings/,A,open,residencies,Austria,"Visual Art, Sculpture, Printmaking, Performing Arts, New Media",unknown,,listing_url=https://resartis.org/listings/linz-fmr/,2026-01-19 00:00:00
Literárne rezidencie Košice / Košice Literary Residencies,https://www.lrk.sk/,Residency program,https://resartis.org/listings/,A,open,residencies,Slovakia,Literature,unknown,,listing_url=https://resartis.org/listings/literarne-rezidencie-kosice-kosice-literary-residencies/,2026-01-19 00:00:00
Palanga Art,https://www.ldsajunga.com/residency,Residency program,https://resartis.org/listings/,A,open,residencies,Lithuania,"Visual Art, Performing Arts, Textile Art, Film-making, Education Programmes, Photography",unknown,,listing_url=https://resartis.org/listings/lithuanian-artists-association/,2026-01-19 00:00:00
List og Land At Laugaból Farm,https://listogland.com/,Residency program,https://resartis.org/listings/,A,open,residencies,Iceland,"Visual Art, Textile Art, Literature, New Media",unknown,,listing_url=https://resartis.org/listings/list-og-land/,2026-01-19 00:00:00
Live Art Ireland,https://www.live-art.ie/,Residency program,https://resartis.org/listings/,A,open,residencies,Ireland,"Visual Art, Dance, Performing Arts, New Media, Film-making, Curatorial",unknown,,listing_url=https://resartis.org/listings/live-art-ireland/,2026-01-19 00:00:00
LM Studio,http://www.lmstudio.org,Residency program,https://resartis.org/listings/,A,open,residencies,France,"Visual Art, Sculpture, Textile Art, Literature, New Media",unknown,,listing_url=https://resartis.org/listings/lmny/,2026-01-19 00:00:00
‘Living in the Garden’,http://tothegarden.org/wp/retreats,Residency program,https://resartis.org/listings/,A,open,residencies,Greece,"Visual Art, Sculpture, Dance, Theatre, Performing Arts, Textile Art, Music, Literature",unknown,,listing_url=https://resartis.org/listings/living-in-the-garden/,2026-01-19 00:00:00
Lodestar | Italy 2026 (2-14 August),https://lodestarcontemporary.com/,Residency program,https://resartis.org/listings/,A,open,residencies,Italy,"Visual Art, Other",unknown,,listing_url=https://resartis.org/listings/lodestar-school-of-art/,2026-01-19 00:00:00
NVAIR – Nazar Voitovich Artist in Residence Program,https://nvair.art,Residency program,https://resartis.org/listings/,A,open,residencies,Ukraine,"Visual Art, Ceramics, Printmaking, Performing Arts, New Media, Curatorial, Photography",unknown,,listing_url=https://resartis.org/listings/liudmyla-nychai/,2026-01-19 00:00:00
Luigi Galimberti,https://wordpress.org/,Residency program,https://resartis.org/listings/,A,open,residencies,Afghanistan,Not specified,unknown,,listing_url=https://resartis.org/listings/luigi-galimberti/,2026-01-19 00:00:00
A4 International Residency Program,http://www.a4residency.com,Residency program,https://resartis.org/listings/,A,open,residencies,China,"Visual Art, Sculpture, Ceramics, Dance, Theatre, Printmaking, Performing Arts, Textile Art, Music, Literature, New Media, Animations, Film-making, Architecture, Curatorial, Education Programmes, Photography, Other, Glass",unknown,,listing_url=https://resartis.org/listings/luxelakese%c2%88a4-art-museum/,2026-01-19 00:00:00
Mabiang Seni Art Residency,https://www.mabiangseni.com,Residency program,https://resartis.org/listings/,A,open,residencies,Indonesia,"Visual Art, Sculpture, Ceramics, Dance, Printmaking, Textile Art, Literature, Film-making, Photography",unknown,,listing_url=https://resartis.org/listings/mabiang-seni-art-residency/,2026-01-19 00:00:00
MacDowell,http://www.macdowell.org,Residency program,https://resartis.org/listings/,A,open,residencies,United-States,"Visual Art, Sculpture, Dance, Theatre, Performing Arts, Music, Literature, New Media, Animations, Film-making, Architecture",unknown,,listing_url=https://resartis.org/listings/macdowell/,2026-01-19 00:00:00
MADE Creatives in Residence,https://www.made-creatives.com/,Residency program,https://resartis.org/listings/,A,open,residencies,Mexico,"Visual Art, Sculpture, Ceramics, Printmaking, Textile Art, Literature, New Media, Architecture, Photography, Other",unknown,,listing_url=https://resartis.org/listings/made/,2026-01-19 00:00:00
Writing and creation residency,https://www.maisonlosseau.be,Residency program,https://resartis.org/listings/,A,open,residencies,Belgium,Literature,unknown,,listing_url=https://resartis.org/listings/maison-losseau/,2026-01-19 00:00:00
MakerHouse Residency,https://www.mkr.house/,Residency program,https://resartis.org/listings/,A,open,residencies,United-States,"Visual Art, Sculpture, Ceramics, Textile Art, Music, New Media, Photography, Other",unknown,,listing_url=https://resartis.org/listings/makerhouse/,2026-01-19 00:00:00
Maison Les Buis Rural Artist Retreat,http://www.maisonlesbuis.com,Residency program,https://resartis.org/listings/,A,open,residencies,France,"Visual Art, Sculpture, Dance, Performing Arts, Music, Literature, Film-making, Photography",unknown,,listing_url=https://resartis.org/listings/maison-les-buis/,2026-01-19 00:00:00
MAM – Museo de Arte Moderno Chiloe Residence,http://www.mamchiloe.cl/,Residency program,https://resartis.org/listings/,A,open,residencies,Chile,"Visual Art, Sculpture, Dance, Theatre, Performing Arts, Textile Art, Music, Literature",unknown,,listing_url=https://resartis.org/listings/mam-museo-de-arte-moderno-chilo_n_/,2026-01-19 00:00:00
Manang Artist Residency,http://www.amargurung.com,Residency program,https://resartis.org/listings/,A,open,residencies,Nepal,"Visual Art, Sculpture, Dance, Theatre, Printmaking, Performing Arts, Textile Art, Music, Literature, New Media, Film-making, Architecture, Education Programmes, Photography",unknown,,listing_url=https://resartis.org/listings/manang-artist-residency/,2026-01-19 00:00:00
MANGO Residencia para Artistas,http://linktr.ee/mangoresidencia,Residency program,https://resartis.org/listings/,A,open,residencies,Argentina,"Visual Art, Dance, Performing Arts, Textile Art, Music, Literature, New Media, Film-making, Photography, Other",unknown,,listing_url=https://resartis.org/listings/mango-residencia-para-artistas/,2026-01-19 00:00:00
Mary Sky Artist Residency,http://marysky.co,Residency program,https://resartis.org/listings/,A,open,residencies,United-States,"Visual Art, Sculpture, Ceramics, Dance, Theatre, Printmaking, Performing Arts, Textile Art, Music, Literature, New Media, Animations, Film-making, Architecture, Curatorial, Education Programmes, Photography, Other, Glass",unknown,,listing_url=https://resartis.org/listings/mary-sky-2/,2026-01-19 00:00:00
Mauser EcoHouse Artist Residency,https://www.mauserfoundation.org,Residency program,https://resartis.org/listings/,A,open,residencies,Costa-Rica,"Visual Art, Sculpture, Dance, Performing Arts, Music, Literature, Animations, Photography, Other",unknown,,listing_url=https://resartis.org/listings/mauser-ecohouse/,2026-01-19 00:00:00
McColl Center for Art + Innovation,http://www.mccollcenter.org,Residency program,https://resartis.org/listings/,A,open,residencies,United-States,"Visual Art, Sculpture, Ceramics, Printmaking, Performing Arts, Textile Art, New Media, Animations, Film-making, Photography",unknown,,listing_url=https://resartis.org/listings/mccoll-center-for-art-innovation/,2026-01-19 00:00:00
MeMe Art Res,https://wordpress.org/,Residency program,https://resartis.org/listings/,A,open,residencies,Cyprus,"Visual Art, Sculpture, Animations, Curatorial, Education Programmes",unknown,,listing_url=https://resartis.org/listings/meme-art-res/,2026-01-19 00:00:00
Metropolitan Fukujusou,https://fukujusou.net/en/index,Residency program,https://resartis.org/listings/,A,open,residencies,Japan,"Visual Art, Sculpture, Theatre, Printmaking, Textile Art, Music, Literature, New Media, Animations, Film-making, Curatorial, Education Programmes, Photography, Other",unknown,,listing_url=https://resartis.org/listings/metropolitan-fukujusou-ice-adonis/,2026-01-19 00:00:00
MERZ self-funded artist and writer residency programme,http://www.merz.gallery/residencies,Residency program,https://resartis.org/listings/,A,open,residencies,United-Kingdom,"Visual Art, Sculpture, Ceramics, Dance, Theatre, Performing Arts, Textile Art, Literature",unknown,,listing_url=https://resartis.org/listings/merz-workshop/,2026-01-19 00:00:00
MIET AIR,http://www.mietair.com,Residency program,https://resartis.org/listings/,A,open,residencies,Netherlands,Sculpture,unknown,,listing_url=https://resartis.org/listings/miet-air/,2026-01-19 00:00:00
Michael Schwarz and David Clouston,https://wordpress.org/,Residency program,https://resartis.org/listings/,A,open,residencies,Australia,Not specified,unknown,,listing_url=https://resartis.org/listings/michael-schwarz-and-david-clouston/,2026-01-19 00:00:00
DOME HOUSE AL & MICKEY QUINLAN ARTIST RESIDENCY,https://millerartmuseum.org/quinlan-residency,Residency program,https://resartis.org/listings/,A,open,residencies,United-States,"Visual Art, Printmaking, Photography, Other",unknown,,listing_url=https://resartis.org/listings/miller-art-museum/,2026-01-19 00:00:00
Artist residency at Mil Gotas,http://www.milgotas.com,Residency program,https://resartis.org/listings/,A,open,residencies,China,"Visual Art, Sculpture, Ceramics, Textile Art, Literature, Film-making, Architecture, Photography",unknown,,listing_url=https://resartis.org/listings/mil-gotas/,2026-01-19 00:00:00
MiSHŌ,https://mishofujino.org/,Residency program,https://resartis.org/listings/,A,open,residencies,Japan,"Visual Art, Sculpture, Ceramics, Dance, Theatre, Printmaking, Performing Arts, Textile Art, Music, Literature, Architecture, Education Programmes, Photography, Other",unknown,,listing_url=https://resartis.org/listings/misho-2/,2026-01-19 00:00:00
Mashah Residency– Berlin Residency,https://miskartinstitute.org/Residencies,Residency program,https://resartis.org/listings/,A,open,residencies,Saudi-Arabia,"Visual Art, Printmaking, Textile Art, New Media, Film-making, Photography, Other",unknown,,listing_url=https://resartis.org/listings/misk-art-institute-2/,2026-01-19 00:00:00
Mlango Farm Foundation,http://www.mlangofarm.foundation,Residency program,https://resartis.org/listings/,A,open,residencies,Kenya,"Visual Art, Literature, Film-making, Education Programmes",unknown,,listing_url=https://resartis.org/listings/mlango-farm-foundation/,2026-01-19 00:00:00
MMCA Residency Changdong & Goyang,https://www.mmca.go.kr/eng/artStudio/artStudioMain.do,Residency program,https://resartis.org/listings/,A,open,residencies,South-Korea,"Visual Art, Dance",unknown,,listing_url=https://resartis.org/listings/mmca-residency-changdonggoyang/,2026-01-19 00:00:00
mono residency program,https://monolisboa.com/,Residency program,https://resartis.org/listings/,A,open,residencies,Portugal,"Visual Art, Sculpture, Performing Arts, New Media, Photography",unknown,,listing_url=https://resartis.org/listings/mono-lisboa/,2026-01-19 00:00:00
Montello Foundation,http://www.montellofoundation.org,Residency program,https://resartis.org/listings/,A,open,residencies,United-States,"Visual Art, Sculpture, Textile Art, Music, Literature, Curatorial",unknown,,listing_url=https://resartis.org/listings/montello-foundation/,2026-01-19 00:00:00
Monte Azul Center for the Arts,https://monteazul.art/for-the-artist/,Residency program,https://resartis.org/listings/,A,open,residencies,Costa-Rica,"Visual Art, Sculpture, Ceramics, Printmaking, Performing Arts, Literature, New Media, Film-making, Photography, Other",unknown,,listing_url=https://resartis.org/listings/monte-azul-center-for-the-arts-monte-azul-maca/,2026-01-19 00:00:00
Mothership NYC,http://www.mothership.nyc,Residency program,https://resartis.org/listings/,A,open,residencies,United-States,"Visual Art, Sculpture, Dance, Theatre, Performing Arts, Textile Art, Music, Literature, New Media, Animations, Film-making, Curatorial, Photography",unknown,,listing_url=https://resartis.org/listings/mothership-nyc/,2026-01-19 00:00:00
Moving Parts presents: The Body and Performance,http://www.movingparts.art,Residency program,https://resartis.org/listings/,A,open,residencies,India,"Dance, Theatre, Performing Arts",unknown,,listing_url=https://resartis.org/listings/moving-parts/,2026-01-19 00:00:00
Ocean Virtual Art Residency,https://www.mokuartstudio.com/,Residency program,https://resartis.org/listings/,A,open,residencies,United-States,"Visual Art, Sculpture, Ceramics, Dance, Theatre, Printmaking, Performing Arts, Textile Art, Music, New Media, Animations, Photography",unknown,,listing_url=https://resartis.org/listings/moku-art-studio/,2026-01-19 00:00:00
Mudhouse Residency,http://www.mudhouseresidency.com,Residency program,https://resartis.org/listings/,A,open,residencies,Greece,"Visual Art, Sculpture, Ceramics, Dance, Printmaking, Performing Arts, Textile Art, Music, Literature, New Media, Film-making, Photography",unknown,,listing_url=https://resartis.org/listings/mudhouse-residency/,2026-01-19 00:00:00
Red Corner,http://redcorner-mongolia.com/,Residency program,https://resartis.org/listings/,A,open,residencies,Mongolia,"Visual Art, Sculpture, Dance, Performing Arts, Music, New Media, Film-making, Curatorial, Education Programmes, Photography",unknown,,listing_url=https://resartis.org/listings/mongolian-contemporary-art-support-association/,2026-01-19 00:00:00
Kullaaugu Residency,https://www.kullaaugu.ee,Residency program,https://resartis.org/listings/,A,open,residencies,Estonia,Music,unknown,,listing_url=https://resartis.org/listings/mtu-kullaaugu/,2026-01-19 00:00:00
Mustarinda,http://www.mustarinda.fi,Residency program,https://resartis.org/listings/,A,open,residencies,Finland,"Visual Art, Sculpture, Ceramics, Dance, Theatre, Performing Arts, Textile Art, Music, Literature, New Media, Film-making, Architecture, Curatorial, Education Programmes, Photography, Other",unknown,,listing_url=https://resartis.org/listings/mustarinda/,2026-01-19 00:00:00
Natthagen AiR,http://www.natthagen.no,Residency program,https://resartis.org/listings/,A,open,residencies,Norway,"Visual Art, Textile Art, Literature, Architecture, Curatorial, Photography",unknown,,listing_url=https://resartis.org/listings/natthagen-r-khoury/,2026-01-19 00:00:00
Musee Du Pin,http://www.museedupin.com,Residency program,https://resartis.org/listings/,A,open,residencies,Afghanistan,Not specified,unknown,,listing_url=https://resartis.org/listings/musee-du-pin/,2026-01-19 00:00:00
Nacán Art Residency,https://www.instagram.com/nacanartresidency/,Residency program,https://resartis.org/listings/,A,open,residencies,Dominican-Republic,"Visual Art, Sculpture, Music, Literature, Photography, Other",unknown,,listing_url=https://resartis.org/listings/nacan-art-residency/,2026-01-19 00:00:00
Nawat Fes,https://nawatfes.org/,Residency program,https://resartis.org/listings/,A,open,residencies,Morocco,"Visual Art, Sculpture, Music, Literature, New Media, Animations, Film-making, Photography, Other",unknown,,listing_url=https://resartis.org/listings/nawat-fes/,2026-01-19 00:00:00
"Nature, Art & Habitat Residency",http://NAHR.it,Residency program,https://resartis.org/listings/,A,open,residencies,Italy,"Visual Art, Sculpture, Dance, Performing Arts, Textile Art, Music, Literature, New Media, Animations, Architecture, Curatorial, Photography, Other",unknown,,listing_url=https://resartis.org/listings/nature-art-habitat-taleggio-valley/,2026-01-19 00:00:00
NATURAGARA STUDIO CENTRE,https://www.naturagarastudio.com/,Residency program,https://resartis.org/listings/,A,open,residencies,Spain,"Visual Art, Sculpture, Ceramics, Performing Arts, Textile Art, Music, Literature, New Media, Animations, Film-making, Architecture, Curatorial, Education Programmes, Photography, Other",unknown,,listing_url=https://resartis.org/listings/naturagara-studio-centre/,2026-01-19 00:00:00
"ARTIST RESIDENCY IN BUSAN, SOUTH KOREA #getinspiredinbusan",https://naughtymusestudios.com/2/,Residency program,https://resartis.org/listings/,A,open,residencies,South-Korea,"Visual Art, Printmaking",unknown,,listing_url=https://resartis.org/listings/naughty-muse-studios/,2026-01-19 00:00:00
Natimuk Exile,https://natimukexile.com,Residency program,https://resartis.org/listings/,A,open,residencies,Australia,"Visual Art, Sculpture, Dance, Theatre, Performing Arts, Textile Art, Music, Literature, New Media, Animations, Film-making, Photography",unknown,,listing_url=https://resartis.org/listings/natimuk-exile/,2026-01-19 00:00:00
Nekubi Art Residency,http://www.nekubi.com,Residency program,https://resartis.org/listings/,A,open,residencies,Greece,"Visual Art, Dance, Theatre, Performing Arts, Music, Literature, New Media, Architecture, Photography",unknown,,listing_url=https://resartis.org/listings/nekubi-art-residency/,2026-01-19 00:00:00
Nes Artist Residency,http://www.neslist.is/,Residency program,https://resartis.org/listings/,A,open,residencies,Iceland,"Visual Art, Sculpture, Ceramics, Dance, Theatre, Printmaking, Performing Arts, Textile Art, Music, Literature, New Media, Animations, Film-making, Education Programmes, Photography, Other",unknown,,listing_url=https://resartis.org/listings/nes-artist-residency/,2026-01-19 00:00:00
"NG Art Creative, Residency and Gallery, Provence",https://www.ngart.com.au/,Residency program,https://resartis.org/listings/,A,open,residencies,France,"Visual Art, Sculpture, Dance, Performing Arts, Textile Art, Literature, New Media, Animations, Film-making, Curatorial, Photography, Other",unknown,,listing_url=https://resartis.org/listings/ng-art-creative-residency/,2026-01-19 00:00:00
The Architecture and Space Residency Villa Väinölä & The Artist Residency Villa Nelimarkka,http://nelimarkka-museo.fi,Residency program,https://resartis.org/listings/,A,open,residencies,Finland,"Visual Art, Dance, Performing Arts, Textile Art, Architecture, Photography",unknown,,listing_url=https://resartis.org/listings/nelimarkka-residence-museum/,2026-01-19 00:00:00
Niya Pushkarova,https://watertowerartfest.com/,Residency program,https://resartis.org/listings/,A,open,residencies,Bulgaria,"Visual Art, Sculpture, Ceramics, Performing Arts",unknown,,listing_url=https://resartis.org/listings/ngo-ime-2/,2026-01-19 00:00:00
Nectar non-profit cultural organization,http://www.nectarconectar.com,Residency program,https://resartis.org/listings/,A,open,residencies,Spain,"Visual Art, Sculpture, Ceramics, Dance, Theatre, Performing Arts, Textile Art, Music, Literature",unknown,,listing_url=https://resartis.org/listings/nectar-non-profit-cultural-organization/,2026-01-19 00:00:00
nocefresca – artist residency in Sardinia island,http://www.nocefresca.it,Residency program,https://resartis.org/listings/,A,open,residencies,Italy,"Visual Art, Sculpture, Literature, New Media, Architecture, Curatorial, Education Programmes, Photography",unknown,,listing_url=https://resartis.org/listings/nocefresca/,2026-01-19 00:00:00
Nordingrå Konstby Artist Residency,https://www.nordingrakonstby.se/en/,Residency program,https://resartis.org/listings/,A,open,residencies,Sweden,Visual Art,unknown,,listing_url=https://resartis.org/listings/nordingra-konstby/,2026-01-19 00:00:00
Nida Art Colony (Vilnius Academy of Arts),http://www.nidacolony.lt,Residency program,https://resartis.org/listings/,A,open,residencies,Lithuania,"Visual Art, Sculpture, Ceramics, Dance, Performing Arts, Textile Art, Music",unknown,,listing_url=https://resartis.org/listings/nida-art-colony-vilnius-academy-of-arts/,2026-01-19 00:00:00
Nordisk Kunstnarsenter Dale / Nordic Artists’ Centre Dale,http://www.nkdale.no,Residency program,https://resartis.org/listings/,A,open,residencies,Norway,"Visual Art, Architecture, Other",unknown,,listing_url=https://resartis.org/listings/nordisk-kunstnarsenter-dale/,2026-01-19 00:00:00
NODO Uspallata,https://nodouspallata.com/,Residency program,https://resartis.org/listings/,A,open,residencies,Argentina,"Visual Art, Ceramics, Theatre, Printmaking, Textile Art, Music, Literature",unknown,,listing_url=https://resartis.org/listings/nodo-uspallata/,2026-01-19 00:00:00
Northern AiR network,https://www.northernair.fi/en/,Residency program,https://resartis.org/listings/,A,open,residencies,Finland,"Visual Art, Sculpture, Ceramics, Dance, Theatre, Printmaking, Performing Arts, Textile Art, Music, Curatorial, Photography",unknown,,listing_url=https://resartis.org/listings/northern-air/,2026-01-19 00:00:00
Oberpfälzer Künstlerhaus I (Kebbel-Villa) and II,http://www.schwandorf.de,Residency program,https://resartis.org/listings/,A,open,residencies,Germany,"Visual Art, Ceramics",unknown,,listing_url=https://resartis.org/listings/oberpfo_lzer-ko_nstlerhaus-i-kebbel-villa-and-ii/,2026-01-19 00:00:00
OBRAS-PORTUGAL,http://www.obras-art.org,Residency program,https://resartis.org/listings/,A,open,residencies,Portugal,"Visual Art, Sculpture, Dance, Theatre, Performing Arts, Textile Art, Music, Literature, Film-making, Curatorial, Photography",unknown,,listing_url=https://resartis.org/listings/obras-portugal/,2026-01-19 00:00:00
THIRDSPACE: Emerging Artist Summer Intensive Program,https://apply.ocadu.ca/register/?id=b6689731-b8de-4083-851c-a13e19bf4200,Residency program,https://resartis.org/listings/,A,open,residencies,Canada,"Visual Art, Sculpture, New Media",unknown,,listing_url=https://resartis.org/listings/ocad-university/,2026-01-19 00:00:00
Notable Island,https://www.notableisland.com/,Residency program,https://resartis.org/listings/,A,open,residencies,Afghanistan,Not specified,unknown,,listing_url=https://resartis.org/listings/notable-island/,2026-01-19 00:00:00
The Self Assembled,https://oceanallover.co.uk/,Residency program,https://resartis.org/listings/,A,open,residencies,United-Kingdom,"Visual Art, Sculpture, Dance, Theatre, Performing Arts, Literature, Other",unknown,,listing_url=https://resartis.org/listings/oceanallover/,2026-01-19 00:00:00
Redbarn Residency,https://oghyll.com/redbarn-residency,Residency program,https://resartis.org/listings/,A,open,residencies,Ireland,"Visual Art, Sculpture, Dance, Theatre, Printmaking, Performing Arts, Music, Literature, New Media, Architecture, Curatorial, Other",unknown,,listing_url=https://resartis.org/listings/oghyll/,2026-01-19 00:00:00
Resilience 2020 – Outer Hebrides Ocean-Islands’ Response,http://www.oceanguides.co.uk,Residency program,https://resartis.org/listings/,A,open,residencies,United-Kingdom,"Visual Art, Sculpture, Dance, Theatre, Performing Arts, Textile Art, Music, Literature, New Media, Animations, Film-making, Architecture, Education Programmes, Photography",unknown,,listing_url=https://resartis.org/listings/ocean-guides-www-oceanguides-co-uk/,2026-01-19 00:00:00
Olepangi Farm Artist-in-Residence Program,http://www.olepangifarm.com,Residency program,https://resartis.org/listings/,A,open,residencies,Kenya,"Visual Art, Sculpture, Ceramics, Printmaking, Performing Arts, Textile Art, Music, Literature, Film-making, Architecture, Education Programmes, Photography",unknown,,listing_url=https://resartis.org/listings/olepangi-farm-timau-kenya/,2026-01-19 00:00:00
"Woodland Farm Creation Residency on Salt Spring Island, Canada",http://www.outoftheboxproductions.ca,Residency program,https://resartis.org/listings/,A,open,residencies,Canada,"Dance, Theatre, Performing Arts, Music",unknown,,listing_url=https://resartis.org/listings/out-of-the-box-productions/,2026-01-19 00:00:00
Out Of The Circle Arts Residency,http://www.outofthecircle.org/,Residency program,https://resartis.org/listings/,A,open,residencies,Egypt,"Visual Art, Ceramics, Theatre, Performing Arts, Textile Art, Music, Literature, New Media, Animations, Curatorial, Education Programmes, Photography, Other",unknown,,listing_url=https://resartis.org/listings/out-of-the-circle-organization/,2026-01-19 00:00:00
Ottawa School of Art Residency Program,https://www.artottawa.ca/programs/residency,Residency program,https://resartis.org/listings/,A,open,residencies,Canada,"Visual Art, Sculpture, Ceramics, Printmaking, Music, Photography",unknown,,listing_url=https://resartis.org/listings/ottawa-school-of-art-2/,2026-01-19 00:00:00
ÖRES,http://www.ores.fi,Residency program,https://resartis.org/listings/,A,open,residencies,Finland,"Visual Art, Sculpture, Dance, Theatre, Performing Arts, Music, Literature, New Media, Animations, Film-making, Curatorial, Education Programmes, Photography, Other",unknown,,listing_url=https://resartis.org/listings/o_ro_-residency-programme/,2026-01-19 00:00:00
"San Giorgio di Pesaro, Terre Roveresche Italy",http://www.palazzo-arte.com,Residency program,https://resartis.org/listings/,A,open,residencies,Italy,"Visual Art, Ceramics, Performing Arts, Architecture, Photography",unknown,,listing_url=https://resartis.org/listings/palazzo-darte/,2026-01-19 00:00:00
Palazzo Monti,https://palazzomonti.org/,Residency program,https://resartis.org/listings/,A,open,residencies,Italy,"Visual Art, Sculpture, Ceramics, Dance, Theatre, Printmaking, Performing Arts, Textile Art, Music, Literature, New Media, Animations, Film-making, Architecture, Curatorial, Education Programmes, Photography, Other, Glass",unknown,,listing_url=https://resartis.org/listings/palazzo-monti/,2026-01-19 00:00:00
PADA,http://www.padastudios.com,Residency program,https://resartis.org/listings/,A,open,residencies,Portugal,Visual Art,unknown,,listing_url=https://resartis.org/listings/pada/,2026-01-19 00:00:00
Paleohori eco-art space,https://paleohori.com,Residency program,https://resartis.org/listings/,A,open,residencies,Greece,"Dance, Performing Arts, Education Programmes",unknown,,listing_url=https://resartis.org/listings/paleohori-art-space/,2026-01-19 00:00:00
Palette People Artists Residency.,http://palettepeople.org,Residency program,https://resartis.org/listings/,A,open,residencies,India,"Visual Art, Sculpture, Ceramics, Dance, Theatre, Printmaking, Performing Arts, Music, Literature, Film-making, Curatorial, Education Programmes",unknown,,listing_url=https://resartis.org/listings/palette-people-artists-residency/,2026-01-19 00:00:00
PAR Art Residency,https://www.instagram.com/par.residence/,Residency program,https://resartis.org/listings/,A,open,residencies,Argentina,"Visual Art, Sculpture, Ceramics, Dance, Theatre, Performing Arts, Textile Art, New Media, Curatorial, Photography, Other",unknown,,listing_url=https://resartis.org/listings/par-art-residency/,2026-01-19 00:00:00
PHI Residencies (Résidences PHI),https://phi.ca/en/phi-residencies/,Residency program,https://resartis.org/listings/,A,open,residencies,Canada,"Visual Art, Sculpture, Performing Arts, Music, New Media, Other",unknown,,listing_url=https://resartis.org/listings/phi-muse/,2026-01-19 00:00:00
PARADISE AIR,http://paradiseair.info,Residency program,https://resartis.org/listings/,A,open,residencies,Japan,"Visual Art, Sculpture, Ceramics, Dance, Theatre, Printmaking, Performing Arts, Textile Art, Music, Literature, New Media, Animations, Film-making, Architecture, Curatorial, Education Programmes, Photography, Other",unknown,,listing_url=https://resartis.org/listings/paradise-air/,2026-01-19 00:00:00
Spitsbergen Artists Center and Residency,http://www.spitsbergenartistscenter.com,Residency program,https://resartis.org/listings/,A,open,residencies,Norway,"Visual Art, Dance, Printmaking, Performing Arts, Textile Art, Music, Literature, New Media, Animations, Film-making, Photography",unknown,,listing_url=https://resartis.org/listings/philotera-as/,2026-01-19 00:00:00
Pigprints residency,https://www.pigprints.org,Residency program,https://resartis.org/listings/,A,open,residencies,Italy,"Visual Art, Printmaking",unknown,,listing_url=https://resartis.org/listings/pigprints/,2026-01-19 00:00:00
Pie Ranch Art Residency,https://www.pieranch.org/artist,Residency program,https://resartis.org/listings/,A,open,residencies,United-States,"Visual Art, Sculpture, Ceramics, Dance, Theatre, Printmaking, Performing Arts, Textile Art, Music, Literature, New Media, Animations, Film-making, Photography, Other",unknown,,listing_url=https://resartis.org/listings/pie-ranch/,2026-01-19 00:00:00
Platform,http://www.platform.fi,Residency program,https://resartis.org/listings/,A,open,residencies,Finland,"Visual Art, Sculpture, Dance, Printmaking, Performing Arts, Textile Art, New Media, Other",unknown,,listing_url=https://resartis.org/listings/platform/,2026-01-19 00:00:00
Plein Air Holidays,https://www.pleinairholidays.com/artist-retreat,Residency program,https://resartis.org/listings/,A,open,residencies,Not specified,Not specified,unknown,,listing_url=https://resartis.org/listings/plein-air-holidays/,2026-01-19 00:00:00
Pottery Farm Residency,https://www.potteryfarmgallery.com/en/artists-residency,Residency program,https://resartis.org/listings/,A,open,residencies,France,"Visual Art, Sculpture, Ceramics, Textile Art, Music, Literature, New Media, Animations, Film-making, Architecture, Curatorial, Photography, Other",unknown,,listing_url=https://resartis.org/listings/pottery_farm_gallery/,2026-01-19 00:00:00
PRAKSIS,http://www.praksisoslo.org,Residency program,https://resartis.org/listings/,A,open,residencies,Norway,"Visual Art, Sculpture, Ceramics, Dance, Theatre, Performing Arts, Textile Art, Music, Literature",unknown,,listing_url=https://resartis.org/listings/praksis/,2026-01-19 00:00:00
Four day Immersive Audio Workshop,https://positiveambisonics.org,Residency program,https://resartis.org/listings/,A,open,residencies,United-Kingdom,"Music, Education Programmes, Other",unknown,,listing_url=https://resartis.org/listings/positive-ambisonics/,2026-01-19 00:00:00
Printmaking Barcelona Residency,https://printmakingbarcelona.com/,Residency program,https://resartis.org/listings/,A,open,residencies,Spain,"Visual Art, Printmaking, Performing Arts, Other",unknown,,listing_url=https://resartis.org/listings/printmaking-barcelona/,2026-01-19 00:00:00
Apapacho,https://proartesmexico.com.mx/apapacho/,Residency program,https://resartis.org/listings/,A,open,residencies,Mexico,"Visual Art, Performing Arts, Music, Literature, New Media, Curatorial, Education Programmes, Photography",unknown,,listing_url=https://resartis.org/listings/proartes-mexico/,2026-01-19 00:00:00
Residencia La Zona,http://proyectolazona.com/,Residency program,https://resartis.org/listings/,A,open,residencies,Argentina,"Visual Art, Sculpture, Dance, Theatre, Performing Arts, Textile Art, Music, Literature, Photography, Other",unknown,,listing_url=https://resartis.org/listings/proyecto-la-zona/,2026-01-19 00:00:00
proyecto PAC * INTERNATIONAL RESIDENCIES PROGRAM,http://www.proyectopac.com/art-residency.html,Residency program,https://resartis.org/listings/,A,open,residencies,Argentina,"Visual Art, Curatorial, Education Programmes",unknown,,listing_url=https://resartis.org/listings/proyecto-pac/,2026-01-19 00:00:00
R.A.R.O. Bogotá,http://www.esraro.com,Residency program,https://resartis.org/listings/,A,open,residencies,Colombia,"Visual Art, Sculpture, Ceramics, Dance, Theatre, Printmaking, Performing Arts, Textile Art, Music, New Media, Curatorial, Photography",unknown,,listing_url=https://resartis.org/listings/r-a-r-o/,2026-01-19 00:00:00
Sila Ziedu,https://www.silaziedu.lv,Residency program,https://resartis.org/listings/,A,open,residencies,Latvia,"Visual Art, Textile Art, Music, Literature, Photography",unknown,,listing_url=https://resartis.org/listings/purvitis-kurzeme/,2026-01-19 00:00:00
R.A.R.O. Residency Program – BARCELONA,https://www.esrarobarcelona.com/,Residency program,https://resartis.org/listings/,A,open,residencies,Spain,"Visual Art, Sculpture, Ceramics, Printmaking, Performing Arts, Textile Art, New Media, Curatorial, Photography, Other",unknown,,listing_url=https://resartis.org/listings/r-a-r-o-barcelona/,2026-01-19 00:00:00
Radal,https://radal.ar/,Residency program,https://resartis.org/listings/,A,open,residencies,Argentina,"Visual Art, Printmaking",unknown,,listing_url=https://resartis.org/listings/radal/,2026-01-19 00:00:00
Casa Ramdom / Casa Kora,http://www.ramdom.net/,Residency program,https://resartis.org/listings/,A,open,residencies,Italy,"Visual Art, Sculpture, Ceramics, Dance, Performing Arts, Textile Art, Music, Literature, Film-making, Curatorial, Photography, Other",unknown,,listing_url=https://resartis.org/listings/ramdom/,2026-01-19 00:00:00
Ratamo Printmaking and Photography Centre,http://www.jyvaskyla.fi/ratamo,Residency program,https://resartis.org/listings/,A,open,residencies,Finland,"Printmaking, Photography",unknown,,listing_url=https://resartis.org/listings/ratamo-printmaking-and-photography-centre/,2026-01-19 00:00:00
Raquel Cámara,https://wordpress.org/,Residency program,https://resartis.org/listings/,A,open,residencies,Spain,Not specified,unknown,,listing_url=https://resartis.org/listings/raquel-c%d5%bdmara/,2026-01-19 00:00:00
Residencias Ras de Terra,https://www.rasdeterra.com/,Residency program,https://resartis.org/listings/,A,open,residencies,Spain,"Visual Art, Sculpture, Dance, Theatre, Performing Arts, Textile Art, Music, Literature, New Media, Animations, Film-making, Architecture, Education Programmes, Photography",unknown,,listing_url=https://resartis.org/listings/ras-de-terra/,2026-01-19 00:00:00
REC.ON Spain,https://rec-on.es/,Residency program,https://resartis.org/listings/,A,open,residencies,Spain,"Visual Art, Performing Arts, Literature, New Media, Film-making, Photography, Other",unknown,,listing_url=https://resartis.org/listings/rec-on/,2026-01-19 00:00:00
RaumArs A-i-R,http://www.raumars.org,Residency program,https://resartis.org/listings/,A,open,residencies,Finland,"Visual Art, Sculpture, Ceramics, Dance, Theatre, Printmaking, Performing Arts, Textile Art, Music, Literature, New Media, Animations, Film-making, Architecture, Curatorial, Education Programmes",unknown,,listing_url=https://resartis.org/listings/raumars-rauma-artist-in-residence-programme/,2026-01-19 00:00:00
(Re)Create,https://www.recreateartprojects.org,Residency program,https://resartis.org/listings/,A,open,residencies,Italy,"Visual Art, Sculpture, Ceramics, Dance, Theatre, Printmaking, Performing Arts, Music, Literature, New Media, Curatorial, Photography, Other, Circus",unknown,,listing_url=https://resartis.org/listings/recreate-inc/,2026-01-19 00:00:00
Raum für Kunst e.V.,https://backsteinboot.org/ateliers-1,Residency program,https://resartis.org/listings/,A,open,residencies,Germany,"Visual Art, Sculpture, Dance, Printmaking, Music, Literature, New Media, Curatorial, Photography",unknown,,listing_url=https://resartis.org/listings/raum-fur-kunst-e-v/,2026-01-19 00:00:00
Res Artis residency,https://resartis.org,Residency program,https://resartis.org/listings/,A,open,residencies,Afghanistan,"Visual Art, Ceramics",unknown,,listing_url=https://resartis.org/listings/res-artis-residency/,2026-01-19 00:00:00
Residencia Nautilus Residence,https://residencianautilus.org/,Residency program,https://resartis.org/listings/,A,open,residencies,Spain,"Visual Art, Sculpture, Music",unknown,,listing_url=https://resartis.org/listings/residencia-nautilus/,2026-01-19 00:00:00
Residencia Corazón,http://www.residenciacorazon.com.ar,Residency program,https://resartis.org/listings/,A,open,residencies,Argentina,"Visual Art, Sculpture, Ceramics, Dance, Theatre, Performing Arts, Textile Art, Music, Literature, New Media, Curatorial, Education Programmes",unknown,,listing_url=https://resartis.org/listings/residencia-corazo_n-argentina/,2026-01-19 00:00:00
Retreat.cz — A Deep Work Retreat in the Czech mountains,http://www.retreat.cz/english/,Residency program,https://resartis.org/listings/,A,open,residencies,Czech-Republic,"Visual Art, Music, Literature, New Media, Education Programmes",unknown,,listing_url=https://resartis.org/listings/retreat-cz-_nd-a-deep-work-retreat-in-the-czech-mountains/,2026-01-19 00:00:00
Residência São João | Casa Figueira,http://www.residenciasaojoao.com,Residency program,https://resartis.org/listings/,A,open,residencies,Brazil,"Visual Art, Sculpture, Dance, Theatre, Performing Arts, Music, Literature, New Media, Film-making, Curatorial, Education Programmes, Photography, Other",unknown,,listing_url=https://resartis.org/listings/residencia-sao-joao/,2026-01-19 00:00:00
Rimbun Dahan,http://www.rimbundahan.org,Residency program,https://resartis.org/listings/,A,open,residencies,Malaysia,"Visual Art, Sculpture, Dance, Theatre, Performing Arts, Textile Art, Music, Literature, Curatorial, Other",unknown,,listing_url=https://resartis.org/listings/rimbun-dahan/,2026-01-19 00:00:00
TEST Approved Member,https://resartis.org/,Residency program,https://resartis.org/listings/,A,open,residencies,Australia,Sculpture,unknown,,listing_url=https://resartis.org/listings/resartistest/,2026-01-19 00:00:00
Watershed Studio’s Art Residency,https://watershedstudios.squarespace.com/,Residency program,https://resartis.org/listings/,A,open,residencies,Ireland,"Visual Art, Sculpture, Dance, Theatre, Performing Arts, Textile Art, Music, Literature, New Media, Animations, Film-making, Architecture, Curatorial, Education Programmes, Photography, Other",unknown,,listing_url=https://resartis.org/listings/river-view-residency/,2026-01-19 00:00:00
Emma Ricklunds Stiftelse,http://www.ricklundgarden.com,Residency program,https://resartis.org/listings/,A,open,residencies,Sweden,"Visual Art, Sculpture, Dance, Printmaking, Performing Arts, Textile Art, Music, Literature, Animations, Photography",unknown,,listing_url=https://resartis.org/listings/ricklundg%d5%b2rden/,2026-01-19 00:00:00
Skogshyddan Air,http://www.skogshyddanair.com,Residency program,https://resartis.org/listings/,A,open,residencies,Finland,"Visual Art, Dance, Theatre, Performing Arts, Music, Literature, New Media, Animations, Film-making, Architecture, Curatorial, Education Programmes, Photography, Other",unknown,,listing_url=https://resartis.org/listings/riverside-production-oy-min-mandag-oy/,2026-01-19 00:00:00
Heraklion Art Studio Residency,https://elxenakistudio.com/,Residency program,https://resartis.org/listings/,A,open,residencies,Greece,"Visual Art, Sculpture, Ceramics, Dance, Theatre, Printmaking, Performing Arts, Music, Literature, New Media, Animations, Architecture, Curatorial, Education Programmes, Photography",unknown,,listing_url=https://resartis.org/listings/roi-moving-art-2/,2026-01-19 00:00:00
Rondo Residency,http://rondoresidency.com,Residency program,https://resartis.org/listings/,A,open,residencies,Mexico,"Visual Art, Sculpture, Textile Art, New Media, Curatorial, Photography, Other",unknown,,listing_url=https://resartis.org/listings/rondo/,2026-01-19 00:00:00
RUD AIR,http://www.rudair.tumblr.com,Residency program,https://resartis.org/listings/,A,open,residencies,Sweden,"Visual Art, Sculpture, Dance, Performing Arts, Textile Art, Music, Literature",unknown,,listing_url=https://resartis.org/listings/rud-air/,2026-01-19 00:00:00
IN SIMPLICITATE LIBERTAS,http://www.ruralcontemporary.org,Residency program,https://resartis.org/listings/,A,open,residencies,Italy,"Visual Art, Ceramics, Dance, Theatre, Printmaking, Performing Arts, Textile Art, Music, Literature, New Media, Animations, Film-making, Architecture, Curatorial, Education Programmes, Photography",unknown,,listing_url=https://resartis.org/listings/ruc-rural-residency-for-contemporary-art/,2026-01-19 00:00:00
Rothko Museum,https://rothkomuseum.com/,Residency program,https://resartis.org/listings/,A,open,residencies,Latvia,"Visual Art, Sculpture, Ceramics, Printmaking",unknown,,listing_url=https://resartis.org/listings/rothko-museum/,2026-01-19 00:00:00
Saari Residence,https://koneensaatio.fi/en/saari-residence/,Residency program,https://resartis.org/listings/,A,open,residencies,Finland,"Visual Art, Sculpture, Dance, Theatre, Performing Arts, Textile Art, Music, Literature",unknown,,listing_url=https://resartis.org/listings/saari-residence/,2026-01-19 00:00:00
Ruutin Kartano Art Residency at Granny´s Cottage,https://www.ruutinkartano.com/artist,Residency program,https://resartis.org/listings/,A,open,residencies,Finland,"Visual Art, Sculpture, Ceramics, Performing Arts, Textile Art, Music, Literature, New Media, Animations, Film-making, Photography, Other",unknown,,listing_url=https://resartis.org/listings/ruutin-kartano-2/,2026-01-19 00:00:00
SAC Gallery,http://www.sac.gallery,Residency program,https://resartis.org/listings/,A,open,residencies,Thailand,"Visual Art, Sculpture, Ceramics, Dance, Performing Arts, Textile Art, Music",unknown,,listing_url=https://resartis.org/listings/sac-gallery/,2026-01-19 00:00:00
Instituto Sacatar,http://www.sacatar.org,Residency program,https://resartis.org/listings/,A,open,residencies,Brazil,"Visual Art, Sculpture, Ceramics, Dance, Theatre, Performing Arts, Textile Art, Music, Literature",unknown,,listing_url=https://resartis.org/listings/sacatar/,2026-01-19 00:00:00
Sachaqa Centro De Arte,http://www.sachaqacentrodearte2.com/,Residency program,https://resartis.org/listings/,A,open,residencies,Peru,"Visual Art, Sculpture, Ceramics, Dance, Performing Arts, Textile Art, Music, Literature, Film-making, Education Programmes",unknown,,listing_url=https://resartis.org/listings/sachaqa-centro-de-arte/,2026-01-19 00:00:00
Rüki Residency,https://rukigalerii.ee/residency,Residency program,https://resartis.org/listings/,A,open,residencies,Estonia,"Visual Art, Printmaking, Performing Arts, Textile Art, Literature, Architecture, Curatorial, Photography",unknown,,listing_url=https://resartis.org/listings/ruki-residentuur/,2026-01-19 00:00:00
Naoshima Artist Residency (spring session),http://www.sadouinn.com,Residency program,https://resartis.org/listings/,A,open,residencies,Japan,"Visual Art, Literature, Film-making, Photography",unknown,,listing_url=https://resartis.org/listings/sadou-inn-3/,2026-01-19 00:00:00
SAIKONEON,https://saikoneon.com/,Residency program,https://resartis.org/listings/,A,open,residencies,Japan,"Visual Art, Sculpture, Dance, Performing Arts, Music, New Media, Film-making",unknown,,listing_url=https://resartis.org/listings/saikoneon/,2026-01-19 00:00:00
The Artists’ Cottage | SAC Arts Residency Program,https://www.sac.org.au/,Residency program,https://resartis.org/listings/,A,open,residencies,Australia,"Visual Art, Sculpture, Ceramics, Dance, Theatre, Printmaking, Performing Arts, Textile Art, Music, Literature, New Media, Animations, Film-making, Curatorial, Education Programmes, Photography, Circus",unknown,,listing_url=https://resartis.org/listings/salamanca-arts-centre-2/,2026-01-19 00:00:00
Sapporo Tenjinyama Art Studio,http://tenjinyamastudio.jp/en/,Residency program,https://resartis.org/listings/,A,open,residencies,Japan,"Visual Art, Sculpture, Ceramics, Dance, Theatre, Performing Arts, Textile Art, Music, Literature",unknown,,listing_url=https://resartis.org/listings/sapporo-tenjinyama-art-studio/,2026-01-19 00:00:00
Sala752,http://sala752.com/,Residency program,https://resartis.org/listings/,A,open,residencies,Poland,"Visual Art, Sculpture, Dance, Literature, New Media, Curatorial, Education Programmes, Photography",unknown,,listing_url=https://resartis.org/listings/sala752/,2026-01-19 00:00:00
Sam Rit Residency,http://www.samritresidency.com,Residency program,https://resartis.org/listings/,A,open,residencies,Thailand,"Visual Art, Sculpture, Ceramics, Dance, Theatre, Printmaking, Performing Arts, Textile Art, Music, Literature",unknown,,listing_url=https://resartis.org/listings/sam-rit-residency/,2026-01-19 00:00:00
Susēja,https://sansusi.lv/,Residency program,https://resartis.org/listings/,A,open,residencies,Latvia,"Visual Art, Sculpture, Dance, Theatre, Performing Arts, Music, Architecture, Curatorial, Photography, Other",unknown,,listing_url=https://resartis.org/listings/sansusi/,2026-01-19 00:00:00
Freedom Gallery (Samamukhti),https://hihiripipiri.notion.site/S-mamukti-Freedom-Gallery-68d6347ead1f44d29967118c36dd95a8,Residency program,https://resartis.org/listings/,A,open,residencies,Sri-Lanka,"Visual Art, Dance, Theatre, Music, Literature, Education Programmes, Other",unknown,,listing_url=https://resartis.org/listings/samamukti-freedom-gallery-we-fohp/,2026-01-19 00:00:00
Sasso Residency,http://www.sasso-residency.ch,Residency program,https://resartis.org/listings/,A,open,residencies,Switzerland,"Visual Art, Sculpture, Ceramics, Dance, Theatre, Printmaking, Performing Arts, Textile Art, Music, Literature, New Media, Animations, Film-making, Architecture, Curatorial, Education Programmes, Photography, Other, Glass",unknown,,listing_url=https://resartis.org/listings/sasso-residency/,2026-01-19 00:00:00
Schlesien Earth Unearth Artist Retreat,https://www.earthunearth.land/,Residency program,https://resartis.org/listings/,A,open,residencies,Namibia,"Visual Art, Sculpture, Literature, Architecture, Education Programmes, Photography, Other",unknown,,listing_url=https://resartis.org/listings/schlesien-earth-unearth-artist-retreat/,2026-01-19 00:00:00
schloss bröllin e.V.,http://schloss%20bröllin%20e.V.,Residency program,https://resartis.org/listings/,A,open,residencies,Afghanistan,Not specified,unknown,,listing_url=https://resartis.org/listings/schloss-brollin-e-v/,2026-01-19 00:00:00
School of Visual Arts (SVA) Artist Residency Programs,http://sva.edu/residency,Residency program,https://resartis.org/listings/,A,open,residencies,United-States,"Visual Art, Sculpture, Ceramics, Dance, Performing Arts, Textile Art, New Media, Education Programmes, Photography, Other",unknown,,listing_url=https://resartis.org/listings/school-of-visual-arts-summer-residency-programs/,2026-01-19 00:00:00
Secant Space,http://www.secantspace.com,Residency program,https://resartis.org/listings/,A,open,residencies,Turkey,"Visual Art, Performing Arts, Textile Art, Music, Literature, Animations, Film-making, Architecture, Curatorial, Education Programmes, Photography, Circus",unknown,,listing_url=https://resartis.org/listings/secant-space/,2026-01-19 00:00:00
Mecklenburgisches Künstlerhaus Schloss Plüschow,http://www.plueschow.de,Residency program,https://resartis.org/listings/,A,open,residencies,Germany,Visual Art,unknown,,listing_url=https://resartis.org/listings/schloss-plschow-mecklenburgisches-knstlerhaus/,2026-01-19 00:00:00
Sculpture Space,http://www.sculpturespace.org,Residency program,https://resartis.org/listings/,A,open,residencies,United-States,"Visual Art, Sculpture",unknown,,listing_url=https://resartis.org/listings/sculpture-space-inc/,2026-01-19 00:00:00
Venice Artist Residencies,https://www.scuolagrafica.it/en/arts/venice-artist-residency/,Residency program,https://resartis.org/listings/,A,open,residencies,Italy,"Visual Art, Printmaking, Education Programmes, Photography",unknown,,listing_url=https://resartis.org/listings/scuola-internazionale-di-grafica-di-venezia/,2026-01-19 00:00:00
Nanji Residency,http://sema.seoul.go.kr,Residency program,https://resartis.org/listings/,A,open,residencies,South-Korea,"Visual Art, Performing Arts, New Media, Film-making, Curatorial, Photography",unknown,,listing_url=https://resartis.org/listings/sema-nanji-residency/,2026-01-19 00:00:00
Seven Gardens Residency,https://www.sevengardensresidency.com/,Residency program,https://resartis.org/listings/,A,open,residencies,Iran,"Visual Art, Sculpture, Ceramics, Dance, Theatre, Printmaking, Performing Arts, Textile Art, Music, Literature, New Media, Animations, Film-making, Architecture, Curatorial, Education Programmes, Photography, Glass",unknown,,listing_url=https://resartis.org/listings/seven-gardens/,2026-01-19 00:00:00
Serlachius Residency,https://serlachius.fi/en/serlachius-residency/,Residency program,https://resartis.org/listings/,A,open,residencies,Finland,"Visual Art, Sculpture, Ceramics, Performing Arts, Architecture, Curatorial, Photography",unknown,,listing_url=https://resartis.org/listings/serlachius-residency/,2026-01-19 00:00:00
Shangyuan Art Museum,http://www.syartmuseum.com/english/,Residency program,https://resartis.org/listings/,A,open,residencies,China,"Visual Art, Sculpture, Ceramics, Dance, Theatre, Performing Arts, Textile Art, Music, Literature",unknown,,listing_url=https://resartis.org/listings/shangyuan-art-museum/,2026-01-19 00:00:00
Sheepscot Arts Preserve,https://sheepscotart.org/,Residency program,https://resartis.org/listings/,A,open,residencies,United-States,"Visual Art, Sculpture, Dance, Performing Arts, Textile Art, Music, Literature, Animations, Film-making, Photography",unknown,,listing_url=https://resartis.org/listings/sheepscot-arts-preserve/,2026-01-19 00:00:00
Sierra Madre International Artist Residency,https://www.sierramadreinternationalartistresidency.com/,Residency program,https://resartis.org/listings/,A,open,residencies,Mexico,"Visual Art, Sculpture, Music, Literature, New Media, Film-making, Photography",unknown,,listing_url=https://resartis.org/listings/sierra-madre-international-artist-residency/,2026-01-19 00:00:00
SODAS 2123 residency program,https://sodas2123.lt/en/rezidencijos,Residency program,https://resartis.org/listings/,A,open,residencies,Lithuania,"Visual Art, Performing Arts, Textile Art, Music, New Media, Architecture, Curatorial, Education Programmes, Photography, Other",unknown,,listing_url=https://resartis.org/listings/sodas-2123/,2026-01-19 00:00:00
SÍM Residency,https://www.sim-residency.info/,Residency program,https://resartis.org/listings/,A,open,residencies,Iceland,"Visual Art, Sculpture, Ceramics, Printmaking, Performing Arts, Textile Art, Music, New Media, Animations, Film-making, Architecture, Curatorial, Photography, Other",unknown,,listing_url=https://resartis.org/listings/sim-residency/,2026-01-19 00:00:00
Skaftfell Residency Program,https://skaftfell.is/en/,Residency program,https://resartis.org/listings/,A,open,residencies,Iceland,"Visual Art, Printmaking, Music, Literature, New Media, Film-making, Curatorial, Education Programmes, Photography, Other",unknown,,listing_url=https://resartis.org/listings/skaftfell-center-for-visual-art/,2026-01-19 00:00:00
Artist-in-residence Slipvillan,https://slipvillan.org/hem/artist-in-residence.html,Residency program,https://resartis.org/listings/,A,open,residencies,Sweden,"Visual Art, Sculpture, Theatre, Printmaking, Performing Arts, Literature, New Media, Animations, Film-making, Curatorial, Photography",unknown,,listing_url=https://resartis.org/listings/slipvillan-ef-2/,2026-01-19 00:00:00
NAT Art Residence,https://www.circleproart.com/en-gb/home,Residency program,https://resartis.org/listings/,A,open,residencies,Spain,"Visual Art, Sculpture, Dance, Performing Arts, Textile Art, Music, New Media, Film-making, Photography, Other",unknown,,listing_url=https://resartis.org/listings/sm-pro-art-circle/,2026-01-19 00:00:00
(Street) Artist in Residence,http://www.soonartstudio.com/,Residency program,https://resartis.org/listings/,A,open,residencies,Austria,"Visual Art, New Media, Other",unknown,,listing_url=https://resartis.org/listings/soon-art-studio/,2026-01-19 00:00:00
SomoS Arts Artist & Curatorial Residency,https://somos-arts.org,Residency program,https://resartis.org/listings/,A,open,residencies,Germany,"Visual Art, Sculpture, Dance, Textile Art, Literature, New Media, Film-making, Curatorial, Photography",unknown,,listing_url=https://resartis.org/listings/somos-art-house-berlin/,2026-01-19 00:00:00
StartArt Art Residency & Co-living,http://startartcoliving.com,Residency program,https://resartis.org/listings/,A,open,residencies,Portugal,"Visual Art, Ceramics, Dance, Theatre, Performing Arts, Music, Literature, New Media, Film-making, Education Programmes, Photography, Other, Circus",unknown,,listing_url=https://resartis.org/listings/startart-art-residency/,2026-01-19 00:00:00
Solvellir Arts Residency,https://www.solvellir.com/,Residency program,https://resartis.org/listings/,A,open,residencies,Iceland,"Visual Art, Dance, Theatre, Performing Arts, Textile Art, Music, Literature, Photography",unknown,,listing_url=https://resartis.org/listings/solvellir-arts-residency/,2026-01-19 00:00:00
Snäcksund The Croft,http://www.proartibus.fi,Residency program,https://resartis.org/listings/,A,open,residencies,Finland,Visual Art,unknown,,listing_url=https://resartis.org/listings/stiftelsen-pro-artibus/,2026-01-19 00:00:00
Space a+ Lu,https://www.spaceaplus.lu,Residency program,https://resartis.org/listings/,A,open,residencies,Vietnam,"Visual Art, Dance, Theatre, Printmaking, Performing Arts, Textile Art, Music, Literature, New Media, Animations, Film-making, Architecture, Curatorial, Photography",unknown,,listing_url=https://resartis.org/listings/space-alu/,2026-01-19 00:00:00
Tingshusresidens/The Old Courthouse Residence,http://www.tingshusresidens.com,Residency program,https://resartis.org/listings/,A,open,residencies,Sweden,"Visual Art, Sculpture, Performing Arts, Textile Art, Music, Literature, Animations",unknown,,listing_url=https://resartis.org/listings/stiftelsen-gamleby-tingshus-foundation-gamleby-courthouse/,2026-01-19 00:00:00
Stiftung Künstlerdorf Schöppingen,https://www.stiftung-kuenstlerdorf.de,Residency program,https://resartis.org/listings/,A,open,residencies,Germany,"Visual Art, Literature",unknown,,listing_url=https://resartis.org/listings/stiftung-kunstlerdorf-schoppingen/,2026-01-19 00:00:00
Story Villa Heinävaara,http://www.storyvilla.fi,Residency program,https://resartis.org/listings/,A,open,residencies,Finland,"Visual Art, Dance, Theatre, Performing Arts, Textile Art, Music, Literature, New Media, Architecture, Curatorial, Photography",unknown,,listing_url=https://resartis.org/listings/story-villa-heinavaara/,2026-01-19 00:00:00
Strata Ceramics Residency,https://strataceramics.ie/,Residency program,https://resartis.org/listings/,A,open,residencies,Ireland,Ceramics,unknown,,listing_url=https://resartis.org/listings/strata-ceramics-residency/,2026-01-19 00:00:00
Studio 88 Artist Residency,https://studio88artistresidency.com,Residency program,https://resartis.org/listings/,A,open,residencies,Thailand,"Visual Art, Sculpture, Dance, Theatre, Performing Arts, Textile Art, Literature, Film-making, Curatorial, Education Programmes, Photography",unknown,,listing_url=https://resartis.org/listings/studio-88-artist-residency-2/,2026-01-19 00:00:00
Studio H multimedia & interdisciplinary artist residency,https://studiohcanadaresidency.ca,Residency program,https://resartis.org/listings/,A,open,residencies,Canada,"Visual Art, Printmaking, Textile Art, Music, Literature, New Media, Photography",unknown,,listing_url=https://resartis.org/listings/studio-h-canada/,2026-01-19 00:00:00
Krušče Creative Center,https://www.krusce.si,Residency program,https://resartis.org/listings/,A,open,residencies,Slovenia,"Visual Art, Sculpture, Dance, Theatre, Performing Arts, Textile Art, Music, Literature, New Media, Animations, Film-making, Architecture, Curatorial, Education Programmes, Photography, Other",unknown,,listing_url=https://resartis.org/listings/studio-for-the-research-on-the-art-of-acting/,2026-01-19 00:00:00
Studio Faire,https://www.studiofaire.fr/,Residency program,https://resartis.org/listings/,A,open,residencies,France,"Visual Art, Sculpture, Theatre, Performing Arts, Textile Art, Music, Literature",unknown,,listing_url=https://resartis.org/listings/studio-faire/,2026-01-19 00:00:00
Studio Luce,https://www.studioluceguatemala.com/,Residency program,https://resartis.org/listings/,A,open,residencies,Guatemala,"Visual Art, Music, Literature, Photography",unknown,,listing_url=https://resartis.org/listings/studio-luce/,2026-01-19 00:00:00
Sunbeam Arts Residency,http://sunbeamarts.org/,Residency program,https://resartis.org/listings/,A,open,residencies,United-States,"Visual Art, Sculpture, Dance, Music",unknown,,listing_url=https://resartis.org/listings/sunbeam_arts/,2026-01-19 00:00:00
Sunbury House,https://www.sunburydesigns.com/,Residency program,https://resartis.org/listings/,A,open,residencies,United-States,Not specified,unknown,,listing_url=https://resartis.org/listings/sunbury-house/,2026-01-19 00:00:00
Studio Kura Artist in Residence Program,https://studiokura.info/en/,Residency program,https://resartis.org/listings/,A,open,residencies,Japan,"Visual Art, Sculpture, Dance, Theatre, Performing Arts, Textile Art, Music, Literature",unknown,,listing_url=https://resartis.org/listings/studio-kura-artist-in-residence-program/,2026-01-19 00:00:00
"Studio Macushla Sanctuary, Sri Lanka",http://www.macushlasanctuary.com,Residency program,https://resartis.org/listings/,A,open,residencies,Sri-Lanka,Not specified,unknown,,listing_url=https://resartis.org/listings/studio-macushla-sanctuary-sri-lanka/,2026-01-19 00:00:00
On::View Artist in Residency,https://artssoutheast.org/,Residency program,https://resartis.org/listings/,A,open,residencies,United-States,"Visual Art, Sculpture, Performing Arts, Textile Art, New Media, Photography, Other",unknown,,listing_url=https://resartis.org/listings/sulfur-studios-arts-southeast/,2026-01-19 00:00:00
Toma House AIR,https://tomaunrestored.com/artistresidency/,Residency program,https://resartis.org/listings/,A,open,residencies,Japan,"Visual Art, Printmaking, Performing Arts, Literature, New Media, Film-making, Curatorial, Education Programmes, Photography",unknown,,listing_url=https://resartis.org/listings/takabatake-trust-for-conservation-of-historic-properties/,2026-01-19 00:00:00
TAKT A.I.R. BERLIN LEIPZIG ZEITZ,http://taktberlin@gmail.com,Residency program,https://resartis.org/listings/,A,open,residencies,Germany,"Visual Art, Sculpture, Ceramics, Dance, Theatre, Printmaking, Textile Art, Music, Literature, Animations, Film-making, Architecture, Curatorial, Education Programmes, Photography",unknown,,listing_url=https://resartis.org/listings/takt-berlin-i-leipzig-artist-residency-academy-gallery/,2026-01-19 00:00:00
TartAMI residence Osaka (Fujitatami Guesthouse),https://yaoyoroz.wixsite.com/tartami,Residency program,https://resartis.org/listings/,A,open,residencies,Japan,"Visual Art, Sculpture, Ceramics, Film-making, Architecture, Photography, Other",unknown,,listing_url=https://resartis.org/listings/tartami/,2026-01-19 00:00:00
International Ceramics Residency Program,https://tallergingell.com/,Residency program,https://resartis.org/listings/,A,open,residencies,Spain,"Visual Art, Sculpture, Ceramics, Curatorial",unknown,,listing_url=https://resartis.org/listings/taller-gingell-barcelona/,2026-01-19 00:00:00
Takahuhti Artcenter,https://tampereen-taiteilijaseura.fi,Residency program,https://resartis.org/listings/,A,open,residencies,Finland,Visual Art,unknown,,listing_url=https://resartis.org/listings/tampere_artists_association/,2026-01-19 00:00:00
La Casa del Teatre Nu,https://www.teatrenu.com/,Residency program,https://resartis.org/listings/,A,open,residencies,Spain,"Dance, Theatre, Performing Arts, Music, Literature, Curatorial, Education Programmes",unknown,,listing_url=https://resartis.org/listings/teatre-nu-monday-theater-sl/,2026-01-19 00:00:00
Tesa Creative Center,https://www.tesacc.com/,Residency program,https://resartis.org/listings/,A,open,residencies,Taiwan,"Visual Art, Sculpture, Ceramics",unknown,,listing_url=https://resartis.org/listings/tesa-creative-center/,2026-01-19 00:00:00
Ós Residency,http://www.textilecenter.is,Residency program,https://resartis.org/listings/,A,open,residencies,Iceland,"Textile Art, Other",unknown,,listing_url=https://resartis.org/listings/texto_lmio%c2%8dsto_o%c2%8d-o%c2%8dslands-icelandic-textile-center/,2026-01-19 00:00:00
The Blue Camel (Stillness in Motion),http://www.hyper-link.space/alfaseel,Residency program,https://resartis.org/listings/,A,open,residencies,Guatemala,"Visual Art, Sculpture, Ceramics, Printmaking, Textile Art, Literature, Architecture, Photography, Other",unknown,,listing_url=https://resartis.org/listings/the-blue-camel/,2026-01-19 00:00:00
Montebuono Artist Residency,https://www.thebottegaprojects.com/montebuono-residency,Residency program,https://resartis.org/listings/,A,open,residencies,Italy,"Visual Art, Sculpture, Literature, Photography",unknown,,listing_url=https://resartis.org/listings/the-bottega-projects/,2026-01-19 00:00:00
CORRIDOR AiR,https://www.thecorridorproject.org/,Residency program,https://resartis.org/listings/,A,open,residencies,Australia,"Visual Art, Sculpture, Printmaking, Performing Arts, Textile Art, Literature, New Media, Film-making, Architecture, Education Programmes, Photography",unknown,,listing_url=https://resartis.org/listings/the-corridor-project/,2026-01-19 00:00:00
The Camargo Foundation,http://www.camargofoundation.org,Residency program,https://resartis.org/listings/,A,open,residencies,France,"Visual Art, Sculpture, Ceramics, Dance, Theatre, Performing Arts, Music, Literature",unknown,,listing_url=https://resartis.org/listings/the-camargo-foundation/,2026-01-19 00:00:00
The Cabin,http://www.roadbooks.ie,Residency program,https://resartis.org/listings/,A,open,residencies,Ireland,"Visual Art, Literature",unknown,,listing_url=https://resartis.org/listings/the-cabin-at-road-books/,2026-01-19 00:00:00
The Horned Dorset Colony,http://www.horneddorsetcolony.org,Residency program,https://resartis.org/listings/,A,open,residencies,United-States,Visual Art,unknown,,listing_url=https://resartis.org/listings/the-horned-dorset-colony/,2026-01-19 00:00:00
The Interdisciplinary Art Group SERDE,http://www.serde.lv/,Residency program,https://resartis.org/listings/,A,open,residencies,Latvia,"Visual Art, Sculpture, Ceramics, Dance, Theatre, Performing Arts, Textile Art, Music, Literature, New Media, Architecture, Photography",unknown,,listing_url=https://resartis.org/listings/the-interdisciplinary-art-group-serde/,2026-01-19 00:00:00
Grant Wood Fellowship,https://grantwood.uiowa.edu/,Residency program,https://resartis.org/listings/,A,open,residencies,United-States,"Visual Art, Dance, Theatre, Printmaking, Performing Arts, Textile Art, Music, New Media, Animations",unknown,,listing_url=https://resartis.org/listings/the-grant-wood-art-colony/,2026-01-19 00:00:00
The Hide Artist Retreat,https://www.thehide.co,Residency program,https://resartis.org/listings/,A,open,residencies,United-Kingdom,"Visual Art, Sculpture, Theatre, Printmaking, Music, Literature, New Media, Film-making, Curatorial, Photography",unknown,,listing_url=https://resartis.org/listings/the-hide-artist-retreat/,2026-01-19 00:00:00
John Bauer’s Ceramic Innovation,http://johnbauerart.com,Residency program,https://resartis.org/listings/,A,open,residencies,South-Africa,Ceramics,unknown,,listing_url=https://resartis.org/listings/the-john-bauer-pottery-studio-and-bnb/,2026-01-19 00:00:00
Carss Park artist in residence,https://www.georgesriver.nsw.gov.au/Community/Art-and-Culture/Hurstville-Museum-Gallery/Artist-in-Residence,Residency program,https://resartis.org/listings/,A,open,residencies,Australia,"Visual Art, Sculpture, Ceramics, Dance, Printmaking, Performing Arts, Textile Art, Music, Literature, New Media, Animations, Film-making, Photography, Glass",unknown,,listing_url=https://resartis.org/listings/the-georges-river-artist-in-residence/,2026-01-19 00:00:00
The Farm Margaret River,http://www.thefarmmargaretriver.com.au,Residency program,https://resartis.org/listings/,A,open,residencies,Australia,"Visual Art, Sculpture, Ceramics, Dance, Printmaking, Performing Arts, Textile Art, Music, Literature, New Media, Architecture, Education Programmes, Photography",unknown,,listing_url=https://resartis.org/listings/the-farm-margaret-river/,2026-01-19 00:00:00
FJ’s Artist Residency,https://www.thefproject.org.au/artist-residence,Residency program,https://resartis.org/listings/,A,open,residencies,Australia,"Visual Art, Sculpture, Printmaking, Textile Art, Music, Literature, New Media, Curatorial",unknown,,listing_url=https://resartis.org/listings/the-f-project-artist-in-residence/,2026-01-19 00:00:00
The Herdsman House in Neubergthal,http://herdsmanhouse.com,Residency program,https://resartis.org/listings/,A,open,residencies,Canada,"Visual Art, Theatre, Performing Arts, Textile Art, Music, Literature, Film-making, Architecture, Curatorial, Education Programmes, Photography",unknown,,listing_url=https://resartis.org/listings/the-herdsman-house-in-neubergthal/,2026-01-19 00:00:00
The Local AIR Valencia,https://thelocalairvalencia.weebly.com/,Residency program,https://resartis.org/listings/,A,open,residencies,Spain,"Visual Art, Sculpture, Ceramics, Dance, Theatre, Printmaking, Performing Arts, Textile Art, Music, Literature, New Media, Animations, Film-making, Architecture, Curatorial, Education Programmes, Photography, Other",unknown,,listing_url=https://resartis.org/listings/the-local-aair-valencia-2/,2026-01-19 00:00:00
"Individual Residency Programme, Group Residency Programmes",https://tracy.mackenna.studio/the-museum-of-loss-and-renewal-residencies/,Residency program,https://resartis.org/listings/,A,open,residencies,Italy,"Visual Art, Sculpture, Dance, Theatre, Performing Arts, Music, New Media, Film-making, Architecture, Curatorial, Education Programmes",unknown,,listing_url=https://resartis.org/listings/the-museum-of-loss-and-renewal/,2026-01-19 00:00:00
The Narrows Artist Residency,http://www.thenarrowsbc.com,Residency program,https://resartis.org/listings/,A,open,residencies,Canada,"Visual Art, Sculpture, Ceramics, Dance, Theatre, Performing Arts, Textile Art, Music, Literature",unknown,,listing_url=https://resartis.org/listings/the-narrows-art-retreat/,2026-01-19 00:00:00
Åland Archipelago Guest Artist Residence,http://www.kokarkultur.wordpress.com,Residency program,https://resartis.org/listings/,A,open,residencies,Finland,"Visual Art, Sculpture, Ceramics, Dance, Performing Arts, Textile Art, Literature, New Media, Animations, Film-making, Architecture, Curatorial, Education Programmes, Photography",unknown,,listing_url=https://resartis.org/listings/the-o%c2%80land-archipelago-guestartist-residence-_nd-ko_karkultur-r-f/,2026-01-19 00:00:00
The Old Girls School,https://theoldgirlsschool.com/,Residency program,https://resartis.org/listings/,A,open,residencies,France,"Visual Art, Printmaking, Textile Art, Music, Literature, Photography",unknown,,listing_url=https://resartis.org/listings/the-old-girls-school/,2026-01-19 00:00:00
THE OLD SCHOOL ART RESIDENCY,http://oldschoolresidence.com/,Residency program,https://resartis.org/listings/,A,open,residencies,Bulgaria,"Visual Art, Sculpture, Performing Arts, Music",unknown,,listing_url=https://resartis.org/listings/the-old-school-residency/,2026-01-19 00:00:00
The Ou-Telier,https://www.theougallery.com/,Residency program,https://resartis.org/listings/,A,open,residencies,Canada,"Printmaking, Literature, New Media, Animations, Film-making, Curatorial, Education Programmes, Photography, Other",unknown,,listing_url=https://resartis.org/listings/the-ou-gallery/,2026-01-19 00:00:00
Create art on the beautiful island of Skopelos.,http://www.skopartfoundation.org,Residency program,https://resartis.org/listings/,A,open,residencies,Greece,"Visual Art, Sculpture, Ceramics, Printmaking, Textile Art",unknown,,listing_url=https://resartis.org/listings/the-skopelos-foundation-for-the-arts/,2026-01-19 00:00:00
The Pickers Hut @ Glaziers Bay,http://www.mattcalvert.com.au,Residency program,https://resartis.org/listings/,A,open,residencies,Australia,"Visual Art, Sculpture, Ceramics, Dance, Textile Art, Music, Literature, Photography",unknown,,listing_url=https://resartis.org/listings/the-pickersea-hut-glaziers-bay/,2026-01-19 00:00:00
Filmmakers Residency,https://www.twomfilm.com/,Residency program,https://resartis.org/listings/,A,open,residencies,Vietnam,"Visual Art, New Media, Film-making",unknown,,listing_url=https://resartis.org/listings/the-weight-of-mountains/,2026-01-19 00:00:00
Wassaic Project,https://www.wassaicproject.org/,Residency program,https://resartis.org/listings/,A,open,residencies,United-States,"Visual Art, Sculpture, Ceramics, Dance, Theatre, Printmaking, Performing Arts, Textile Art, Music, Literature, New Media, Film-making, Curatorial",unknown,,listing_url=https://resartis.org/listings/the-wassaic-artist-residency/,2026-01-19 00:00:00
Core Residency,http://yefenof.com/,Residency program,https://resartis.org/listings/,A,open,residencies,United-States,"Theatre, Music, Literature, Architecture, Photography",unknown,,listing_url=https://resartis.org/listings/the-yefe-nof-residency/,2026-01-19 00:00:00
Titanik A.i.R.,http://www.titanik.fi/residency,Residency program,https://resartis.org/listings/,A,open,residencies,Finland,"Visual Art, Music",unknown,,listing_url=https://resartis.org/listings/titanik-a-i-r/,2026-01-19 00:00:00
Creative Samoa,http://www.creativesamoa.com,Residency program,https://resartis.org/listings/,A,open,residencies,Samoa,"Visual Art, Sculpture, Ceramics, Printmaking, Textile Art, Film-making, Education Programmes, Photography",unknown,,listing_url=https://resartis.org/listings/tiapapata-art-centre-inc/,2026-01-19 00:00:00
StudioWorks Artist-in-Residency Program,http://www.tidesinstitute.org,Residency program,https://resartis.org/listings/,A,open,residencies,United-States,"Visual Art, Sculpture, Ceramics, Printmaking, Textile Art, New Media",unknown,,listing_url=https://resartis.org/listings/tides-institute-museum-of-art-studioworks-artist-in-residency-program/,2026-01-19 00:00:00
Sten Malmquist Grant,http://www.tomelilla.se/uppleva-gora/konsthall/,Residency program,https://resartis.org/listings/,A,open,residencies,Sweden,"Visual Art, Sculpture, Ceramics, Performing Arts, Textile Art, Film-making, Architecture",unknown,,listing_url=https://resartis.org/listings/tomelilla-konsthall/,2026-01-19 00:00:00
Tokyo Arts and Space Residency (TOKAS Residency),http://www.tokyoartsandspace.jp,Residency program,https://resartis.org/listings/,A,open,residencies,Japan,"Visual Art, Sculpture, New Media, Film-making, Architecture, Curatorial",unknown,,listing_url=https://resartis.org/listings/tokyo-arts-and-space/,2026-01-19 00:00:00
Ilona Schneider – TopSpace StudioGallery,http://topspacestudio.com,Residency program,https://resartis.org/listings/,A,open,residencies,Afghanistan,Not specified,unknown,,listing_url=https://resartis.org/listings/topspace-studio/,2026-01-19 00:00:00
trenarren HOUSE artist residencies,https://docs.google.com/forms/d/e/1FAIpQLScG4lmU573q-JWvhKUTbqoX-fAViOfOPvkbnHoHN2SheytuOQ/viewform?usp=header,Residency program,https://resartis.org/listings/,A,open,residencies,United-Kingdom,"Visual Art, Sculpture, Ceramics, Dance, Theatre, Performing Arts, Music, Literature, New Media, Film-making, Architecture, Curatorial, Education Programmes, Photography, Other",unknown,,listing_url=https://resartis.org/listings/trenarren-house/,2026-01-19 00:00:00
Traductores del Viento-Artists Residency,https://traductoresdelviento.org/en/,Residency program,https://resartis.org/listings/,A,open,residencies,Spain,"Visual Art, Dance, Theatre, Printmaking, Performing Arts, Music, Literature, Film-making, Curatorial, Education Programmes, Photography",unknown,,listing_url=https://resartis.org/listings/traductores-del-viento-center-for-arts-and-thought/,2026-01-19 00:00:00
Artist Residency at Edgewood Farm,http://www.castlehill.org,Residency program,https://resartis.org/listings/,A,open,residencies,United-States,"Visual Art, Sculpture, Ceramics, Printmaking, Textile Art, Photography",unknown,,listing_url=https://resartis.org/listings/truro-center-for-the-arts-at-castle-hill/,2026-01-19 00:00:00
TwoCentsPress Printmaking Arts in Tuscany,http://www.twocentspress.com,Residency program,https://resartis.org/listings/,A,open,residencies,Italy,"Visual Art, Printmaking",unknown,,listing_url=https://resartis.org/listings/twocentspress-printmaking-arts-in-tuscany/,2026-01-19 00:00:00
Tres Salas,https://tressalas.ar,Residency program,https://resartis.org/listings/,A,open,residencies,Argentina,"Visual Art, Dance, Performing Arts, Textile Art, Literature, Curatorial, Education Programmes, Photography, Other",unknown,,listing_url=https://resartis.org/listings/tres-salas/,2026-01-19 00:00:00
Tribu de Trueno,http://www.tribudetrueno.com,Residency program,https://resartis.org/listings/,A,open,residencies,Argentina,"Visual Art, Sculpture, Ceramics, Printmaking, Performing Arts, Textile Art, Music, New Media, Film-making, Curatorial, Photography, Other",unknown,,listing_url=https://resartis.org/listings/tribu-de-trueno/,2026-01-19 00:00:00
"U-jazdowski Residencies, Ujazdowski Castle Centre for Contemporary Art",http://u-jazdowski.pl/en/programme/residencies,Residency program,https://resartis.org/listings/,A,open,residencies,Poland,"Visual Art, Sculpture, Dance, Performing Arts, Textile Art, Music",unknown,,listing_url=https://resartis.org/listings/u-jazdowski-residencies-ujazdowski-castle-centre-for-contemporary-art/,2026-01-19 00:00:00
Uberbau_house,https://www.uberbau-house.org/site/,Residency program,https://resartis.org/listings/,A,open,residencies,Brazil,"Visual Art, Performing Arts, New Media, Curatorial, Education Programmes",unknown,,listing_url=https://resartis.org/listings/uberbau_house/,2026-01-19 00:00:00
Ucross Foundation,http://www.ucrossfoundation.org,Residency program,https://resartis.org/listings/,A,open,residencies,United-States,"Visual Art, Sculpture, Ceramics, Dance, Theatre, Performing Arts, Textile Art, Music, Literature",unknown,,listing_url=https://resartis.org/listings/ucross-foundation/,2026-01-19 00:00:00
ufaFabrik Berlin International Cultural Centre,http://www.ufafabrik.de,Residency program,https://resartis.org/listings/,A,open,residencies,Germany,Performing Arts,unknown,,listing_url=https://resartis.org/listings/ufafabrik-berlin-international-cultural-centre/,2026-01-19 00:00:00
Roman J. Witt Residency Program,https://stamps.umich.edu/about/visiting/witt-residency-application,Residency program,https://resartis.org/listings/,A,open,residencies,United-States,"Visual Art, Sculpture, Ceramics, Printmaking, Performing Arts, Textile Art, New Media, Animations, Architecture, Photography, Other, Glass",unknown,,listing_url=https://resartis.org/listings/university-of-michigan/,2026-01-19 00:00:00
Union de los Rios,https://www.uniondelosrios.org/,Residency program,https://resartis.org/listings/,A,open,residencies,Spain,"Visual Art, Sculpture, Ceramics, Dance, Textile Art, Music, Literature, Film-making, Architecture, Education Programmes, Other",unknown,,listing_url=https://resartis.org/listings/union-de-los-rios/,2026-01-19 00:00:00
Unga Dramaten International Writing Residency Programme,https://www.dramaten.se/unga-dramaten,Residency program,https://resartis.org/listings/,A,open,residencies,Sweden,"Theatre, Performing Arts",unknown,,listing_url=https://resartis.org/listings/unga-dramaten-the-royal-dramatic-theatre/,2026-01-19 00:00:00
UA International Art Residency,https://uncoolartist.com/residency/,Residency program,https://resartis.org/listings/,A,open,residencies,United-States,Visual Art,unknown,,listing_url=https://resartis.org/listings/uncool-artist/,2026-01-19 00:00:00
UNIDEE residency programs,https://unidee.cittadellarte.it/,Residency program,https://resartis.org/listings/,A,open,residencies,Italy,"Visual Art, Sculpture, Ceramics, Dance, Performing Arts, Textile Art, Music, Literature, Education Programmes",unknown,,listing_url=https://resartis.org/listings/unidee-university-of-ideas-at-cittadellarte-fondazione-pistoletto-onlus/,2026-01-19 00:00:00
The University of Victoria and Jeffrey Rubinoff Sculpture Park Artist / Scholar Residency,https://jrsp.uvic.ca/,Residency program,https://resartis.org/listings/,A,open,residencies,Canada,"Visual Art, Sculpture, Ceramics, Dance, Theatre, Performing Arts, Textile Art, Music, Literature, New Media, Film-making, Architecture, Photography, Other",unknown,,listing_url=https://resartis.org/listings/university-of-victoria-jeffrey-rubinoff-sculpture-park/,2026-01-19 00:00:00
Teshima ShinAiKan AIR,https://usaginingen.com/en/shinaikan-project/,Residency program,https://resartis.org/listings/,A,open,residencies,Japan,"Visual Art, Performing Arts, Literature, Animations, Film-making, Education Programmes, Photography, Circus",unknown,,listing_url=https://resartis.org/listings/usaginingen/,2026-01-19 00:00:00
Unpack Studio Havana Art Residency,http://www.unpackstudio.ca/havana-art-residency/,Residency program,https://resartis.org/listings/,A,open,residencies,Cuba,"Visual Art, Sculpture, Dance, Performing Arts, Music, Literature, Film-making, Curatorial, Photography",unknown,,listing_url=https://resartis.org/listings/unpack-studio-havana-art-residency/,2026-01-19 00:00:00
Unmaking Art Residency,https://www.unmaking-art.com/,Residency program,https://resartis.org/listings/,A,open,residencies,Spain,"Visual Art, Textile Art, Literature",unknown,,listing_url=https://resartis.org/listings/unmaking-art-studio/,2026-01-19 00:00:00
Vanha Paukku Artist Residency,https://vanhapaukku.fi/palvelut/artistresidency/,Residency program,https://resartis.org/listings/,A,open,residencies,Finland,"Visual Art, Sculpture, Dance, Theatre, Performing Arts, Textile Art, Music, Literature",unknown,,listing_url=https://resartis.org/listings/vanha-paeuropeku-artist-residency/,2026-01-19 00:00:00
Uzupis Art Incubator International Residency,https://www.umi.lt/,Residency program,https://resartis.org/listings/,A,open,residencies,Lithuania,"Visual Art, Sculpture, Ceramics, Textile Art",unknown,,listing_url=https://resartis.org/listings/uzupis-art-incubator-2/,2026-01-19 00:00:00
V&A,https://www.vam.ac.uk/info/residencies,Residency program,https://resartis.org/listings/,A,open,residencies,United-Kingdom,Other,unknown,,listing_url=https://resartis.org/listings/va/,2026-01-19 00:00:00
Vale de Gatos,http://valedegatos.com,Residency program,https://resartis.org/listings/,A,open,residencies,Portugal,Textile Art,unknown,,listing_url=https://resartis.org/listings/vale-de-gatos/,2026-01-19 00:00:00
SCHLOSSMEDIALE IN SCHLOSS WERDENBERG,http://schlossmediale.ch,Residency program,https://resartis.org/listings/,A,open,residencies,Switzerland,"Visual Art, Sculpture, Music, Other",unknown,,listing_url=https://resartis.org/listings/verein-schloss-werdenberg/,2026-01-19 00:00:00
Vashon Artist Residency,https://vashonartistresidency.com/,Residency program,https://resartis.org/listings/,A,open,residencies,United-States,"Visual Art, Sculpture, Dance, Theatre, Performing Arts, Textile Art, Music, Literature, New Media, Film-making, Photography",unknown,,listing_url=https://resartis.org/listings/vashon-artist-residency-llc/,2026-01-19 00:00:00
Venezia Contemporanea Residency Program,http://www.veneziacontemporanea.com,Residency program,https://resartis.org/listings/,A,open,residencies,Italy,"Visual Art, Sculpture, Ceramics, Textile Art, Literature, New Media, Curatorial, Education Programmes, Other",unknown,,listing_url=https://resartis.org/listings/venezia-contemporanea/,2026-01-19 00:00:00
Vermont Studio Center,http://www.vermontstudiocenter.org,Residency program,https://resartis.org/listings/,A,open,residencies,United-States,"Visual Art, Sculpture, Ceramics, Textile Art, Music, Literature",unknown,,listing_url=https://resartis.org/listings/vermont-studio-center/,2026-01-19 00:00:00
Vilarcangel,http://www.vilarcangel.org,Residency program,https://resartis.org/listings/,A,open,residencies,Spain,"Visual Art, Sculpture, Dance, Theatre, Performing Arts, Textile Art, Music, Literature, Film-making, Photography, Other",unknown,,listing_url=https://resartis.org/listings/vilarcangel-artist-residency-ecomuseum/,2026-01-19 00:00:00
Versa~Versa Foundation Residency Fellowship,http://viceversa.co.in,Residency program,https://resartis.org/listings/,A,open,residencies,India,"Visual Art, Sculpture, Printmaking, Literature, Curatorial, Education Programmes",unknown,,listing_url=https://resartis.org/listings/viceversa-foundation/,2026-01-19 00:00:00
Villa Filanda Antonini,https://www.vfa.art/about-us/,Residency program,https://resartis.org/listings/,A,open,residencies,Italy,"Visual Art, Sculpture, Ceramics, Performing Arts, Textile Art, Music, Architecture, Curatorial, Photography, Other",unknown,,listing_url=https://resartis.org/listings/villa-filanda-antonini/,2026-01-19 00:00:00
Vinha Bookstore Residency / Vinhan residenssi,https://vinhankirjakauppa.fi/en/recidency-for-writers-and-artists-at-vinha-bookstore/,Residency program,https://resartis.org/listings/,A,open,residencies,Finland,"Visual Art, Theatre, Printmaking, Performing Arts, Music, Literature, New Media, Animations, Film-making, Architecture, Curatorial, Education Programmes, Photography, Other",unknown,,listing_url=https://resartis.org/listings/vinhan-kirjakauppa-oy/,2026-01-19 00:00:00
"Villa Karo, Finnish institute for West Africa",https://villakaro.org/vkhome-en/?lang=en,Residency program,https://resartis.org/listings/,A,open,residencies,Benin,"Visual Art, Sculpture, Ceramics, Dance, Theatre, Printmaking, Performing Arts, Textile Art, Music, Literature, New Media, Animations, Film-making, Architecture, Curatorial, Education Programmes, Photography",unknown,,listing_url=https://resartis.org/listings/villa-karo/,2026-01-19 00:00:00
Haystack Mountain School of Crafts,https://www.haystack-mtn.org/open-studio-residency,Residency program,https://resartis.org/funding/open-studio-residency-3/,A,open,residencies,United States,,,,,
Haystack Mountain School of Crafts,https://www.haystack-mtn.org/open-studio-residency,Residency program,https://resartis.org/funding/open-studio-residency/,A,open,residencies,United States,,,,,
DRAWinternational/les Abattoirs,https://resartis.org/funding/open-call-2024-artist-in-exile-air-drawinternational-les-abattoirs/,Residency program,https://resartis.org/funding/open-call-2024-artist-in-exile-air-drawinternational-les-abattoirs/,A,open,residencies,France,,,,,
Nomad Spirit,https://resartis.org/funding/nomad-spirit-eunic-funded-environmental-project-in-mongolia/,Residency program,https://resartis.org/funding/nomad-spirit-eunic-funded-environmental-project-in-mongolia/,A,open,residencies,"Germany, France, Austria, Finland",,,,,
Funded Places 2024,https://resartis.org/funding/funded-places-2024/,Funding,https://resartis.org/funding/funded-places-2024/,A,open,funding,Worldwide,,,,,
Creative Europe,https://resartis.org/funding/call-for-individual-mobility-of-artists-and-cultural-professionals/,Funding,https://resartis.org/funding/call-for-individual-mobility-of-artists-and-cultural-professionals/,A,open,funding,Worldwide,,,,,
la Matrice Campus,https://resartis.org/funding/residency-larbre-sexprime-la-matrice-campus-in-larbre-qui-pousse-eco-village/,Residency program,https://resartis.org/funding/residency-larbre-sexprime-la-matrice-campus-in-larbre-qui-pousse-eco-village/,A,open,residencies,Belgium,,,,,
